"","iso3","country_name","animal","animal_en","live_weight","carcass_weight","carcass_pct"
"1","DZA","Algeria","bovins","cattle","319","166","52"
"2","DZA","Algeria","ovins","sheep","32","16","49"
"3","DZA","Algeria","caprins","goat","20","10","50"
"4","DZA","Algeria","porcins","pigs","60","40","66"
"5","DZA","Algeria","poules","chickens","1300","1000","76"
"6","DZA","Algeria","dindons","turkeys","6700","5000","74"
"7","DZA","Algeria","chevaux","horses","259","129","50"
"8","DZA","Algeria","chameaux","camels","459","173","37"
"9","DZA","Algeria","lapins","rabbits","1600","1000","62"
"10","AGO","Angola","bovins","cattle","300","150","50"
"11","AGO","Angola","ovins","sheep","33","15","45"
"12","AGO","Angola","caprins","goat","33","15","45"
"13","AGO","Angola","porcins","pigs","81","65","80"
"14","AGO","Angola","poules","chickens","1200","900","75"
"15","BEN","Benin","bovins","cattle","220","110","50"
"16","BEN","Benin","ovins","sheep","20","10","50"
"17","BEN","Benin","caprins","goat","20","10","50"
"18","BEN","Benin","porcins","pigs","40","28","70"
"19","BEN","Benin","poules","chickens","1100","800","72"
"20","BWA","Botswana","cattle","cattle","350","185","52"
"21","BWA","Botswana","sheep","sheep","24","14","58"
"22","BWA","Botswana","goats","goats","22","12","54"
"23","BWA","Botswana","pigs","pigs","67","50","74"
"24","BWA","Botswana","chickens","chickens","1100","800","72"
"25","BWA","Botswana","rabbits","rabbits","2500","1800","72"
"26","BFA","Burkina Faso","bovins","cattle","220","110","50"
"27","BFA","Burkina Faso","ovins","sheep","18","9","50"
"28","BFA","Burkina Faso","caprins","goat","16","8.1","50"
"29","BFA","Burkina Faso","porcins","pigs","34","23","69"
"30","BFA","Burkina Faso","poules","chickens","1100","800","72"
"31","BFA","Burkina Faso","chevaux","horses","305","152","50"
"32","BFA","Burkina Faso","chameaux","camels","383","191","50"
"33","BDI","Burundi","bovins","cattle","250","130","52"
"34","BDI","Burundi","ovins","sheep","25","12","48"
"35","BDI","Burundi","caprins","goat","20","10","50"
"36","BDI","Burundi","porcins","pigs","53","40","75"
"37","BDI","Burundi","poules","chickens","1200","900","75"
"38","BDI","Burundi","lapins","rabbits","1800","1200","66"
"39","CMR","Cameroon","bovins","cattle","300","140","46"
"40","CMR","Cameroon","ovins","sheep","24","12","50"
"41","CMR","Cameroon","caprins","goat","20","10","50"
"42","CMR","Cameroon","porcins","pigs","45","30","66"
"43","CMR","Cameroon","poules","chickens","1100","800","72"
"44","CMR","Cameroon","chevaux","horses","260","130","50"
"45","CMR","Cameroon","lapins","rabbits","2000","1000","50"
"46","CPV","Cape Verde","bovins","cattle","260","133","51"
"47","CPV","Cape Verde","ovins","sheep","50","25","50"
"48","CPV","Cape Verde","caprins","goat","18","14","77"
"49","CPV","Cape Verde","porcins","pigs","68","54","79"
"50","CPV","Cape Verde","poules","chickens","1400","915","65"
"51","CAF","Central African Republic","bovins","cattle","280","180","64"
"52","CAF","Central African Republic","ovins","sheep","30","15","50"
"53","CAF","Central African Republic","caprins","goat","34","17","50"
"54","CAF","Central African Republic","porcins","pigs","60","55","90"
"55","CAF","Central African Republic","poules","chickens","2000","1100","55"
"56","TCD","Chad","bovins","cattle","283","141","50"
"57","TCD","Chad","ovins","sheep","40","18","45"
"58","TCD","Chad","caprins","goat","26","13","50"
"59","TCD","Chad","porcins","pigs","35","25","71"
"60","TCD","Chad","poules","chickens","1000","700","70"
"61","TCD","Chad","chevaux","horses","210","100","47"
"62","TCD","Chad","chameaux","camels","360","180","50"
"63","COM","Comoros","bovins","cattle","220","110","50"
"64","COM","Comoros","ovins","sheep","30","15","50"
"65","COM","Comoros","caprins","goat","21","10","47"
"66","COM","Comoros","poules","chickens","1100","800","72"
"67","COG","Congo - Brazzaville","bovins","cattle","312","156","50"
"68","COG","Congo - Brazzaville","ovins","sheep","22","10","45"
"69","COG","Congo - Brazzaville","caprins","goat","20","9","45"
"70","COG","Congo - Brazzaville","porcins","pigs","80","56","70"
"71","COG","Congo - Brazzaville","poules","chickens","1200","1000","83"
"72","CIV","Côte d’Ivoire","bovins","cattle","274","137","50"
"73","CIV","Côte d’Ivoire","ovins","sheep","20","10","50"
"74","CIV","Côte d’Ivoire","caprins","goat","20","10","50"
"75","CIV","Côte d’Ivoire","porcins","pigs","62","50","80"
"76","CIV","Côte d’Ivoire","poules","chickens","1300","1100","84"
"77","DJI","Djibouti","bovins","cattle","240","110","45"
"78","DJI","Djibouti","ovins","sheep","21","10","49"
"79","DJI","Djibouti","caprins","goat","27","12","46"
"80","DJI","Djibouti","chameaux","camels","340","150","44"
"81","EGY","Egypt","cattle","cattle","247","150","60"
"82","EGY","Egypt","buffaloes","buffaloes","285","136","47"
"83","EGY","Egypt","sheep","sheep","54","24","45"
"84","EGY","Egypt","goats","goats","38","18","48"
"85","EGY","Egypt","pigs","pigs","55","43","78"
"86","EGY","Egypt","chickens","chickens","1340","1082","80"
"87","EGY","Egypt","turkeys","turkeys","6700","5000","74"
"88","EGY","Egypt","camels","camels","584","279","47"
"89","EGY","Egypt","rabbits","rabbits","1800","1200","66"
"90","GIN","Guinea","ganado vacuno","cattle","220","110","50"
"91","GIN","Guinea","ovinos","sheep","22","11","50"
"92","GIN","Guinea","caprinos","goats","22","11","50"
"93","GIN","Guinea","cerdos","pigs","60","45","75"
"94","GIN","Guinea","gallinas","chickens","1100","800","72"
"95","ERI","Eritrea","cattle","cattle","213","106","49"
"96","ERI","Eritrea","sheep","sheep","21","9.8","46"
"97","ERI","Eritrea","goats","goats","18","8.4","46"
"98","ERI","Eritrea","chickens","chickens","1224","780","63"
"99","ERI","Eritrea","camels","camels","300","120","40"
"100","ETH","Ethiopia","cattle","cattle","250","110","44"
"101","ETH","Ethiopia","sheep","sheep","20","10","50"
"102","ETH","Ethiopia","goats","goats","18","10","55"
"103","ETH","Ethiopia","pigs","pigs","65","50","77"
"104","ETH","Ethiopia","chickens","chickens","1256","800","64"
"105","ETH","Ethiopia","camels","camels","300","120","40"
"106","GAB","Gabon","bovins","cattle","265","132","49"
"107","GAB","Gabon","ovins","sheep","26","12","46"
"108","GAB","Gabon","caprins","goat","24","10","41"
"109","GAB","Gabon","porcins","pigs","40","28","70"
"110","GAB","Gabon","poules","chickens","1100","800","72"
"111","GAB","Gabon","lapins","rabbits","1650","1200","72"
"112","GMB","Gambia","cattle","cattle","240","120","50"
"113","GMB","Gambia","sheep","sheep","22","11","50"
"114","GMB","Gambia","goats","goats","22","11","50"
"115","GMB","Gambia","pigs","pigs","50","40","80"
"116","GMB","Gambia","chickens","chickens","1380","1000","72"
"117","GHA","Ghana","cattle","cattle","230","115","50"
"118","GHA","Ghana","sheep","sheep","22","11","50"
"119","GHA","Ghana","goats","goats","20","9.5","47"
"120","GHA","Ghana","pigs","pigs","35","28","80"
"121","GHA","Ghana","chickens","chickens","1240","900","72"
"122","GIN","Guinea","bovins","cattle","250","109","43"
"123","GIN","Guinea","ovins","sheep","25","12","48"
"124","GIN","Guinea","caprins","goat","25","16","64"
"125","GIN","Guinea","porcins","pigs","80","47","59"
"126","GIN","Guinea","poules","chickens","1200","900","75"
"127","GNB","Guinea-Bissau","bovins","cattle","180","85","48"
"128","GNB","Guinea-Bissau","ovins","sheep","19","9","47"
"129","GNB","Guinea-Bissau","caprins","goat","17","8","47"
"130","GNB","Guinea-Bissau","porcins","pigs","45","25","55"
"131","GNB","Guinea-Bissau","poules","chickens","1000","600","60"
"132","KEN","Kenya","cattle","cattle","259","129","50"
"133","KEN","Kenya","sheep","sheep","25","12","48"
"134","KEN","Kenya","goats","goats","23","11","47"
"135","KEN","Kenya","pigs","pigs","80","65","81"
"136","KEN","Kenya","chickens","chickens","1560","1200","76"
"137","KEN","Kenya","camels","camels","650","300","46"
"138","KEN","Kenya","rabbits","rabbits","1800","1200","66"
"139","LSO","Lesotho","cattle","cattle","250","130","52"
"140","LSO","Lesotho","sheep","sheep","45","19","42"
"141","LSO","Lesotho","goats","goats","17","9","53"
"142","LSO","Lesotho","pigs","pigs","45","23","73"
"143","LSO","Lesotho","chickens","chickens","2000","1500","75"
"144","LBR","Liberia","cattle","cattle","250","125","50"
"145","LBR","Liberia","sheep","sheep","20","10","50"
"146","LBR","Liberia","goats","goats","18","9","50"
"147","LBR","Liberia","pigs","pigs","50","40","80"
"148","LBR","Liberia","chickens","chickens","1100","800","72"
"149","LBY","Libya","cattle","cattle","400","200","50"
"150","LBY","Libya","sheep","sheep","27","15","55"
"151","LBY","Libya","goats","goats","23","15","63"
"152","LBY","Libya","chickens","chickens","1600","1300","81"
"153","LBY","Libya","camels","camels","400","200","50"
"154","MDG","Madagascar","bovins","cattle","255","127","50"
"155","MDG","Madagascar","ovins","sheep","25","12","48"
"156","MDG","Madagascar","caprins","goat","32","15","46"
"157","MDG","Madagascar","porcins","pigs","90","70","78"
"158","MDG","Madagascar","poules","chickens","1700","1200","71"
"159","MDG","Madagascar","dindons","turkeys","3600","3000","83"
"160","MDG","Madagascar","chevaux","horses","350","175","50"
"161","MDG","Madagascar","lapins","rabbits","1800","1200","66"
"162","MWI","Malawi","cattle","cattle","400","200","50"
"163","MWI","Malawi","sheep","sheep","25","14","56"
"164","MWI","Malawi","goats","goats","22","12","54"
"165","MWI","Malawi","pigs","pigs","72","50","69"
"166","MWI","Malawi","chickens","chickens","1100","800","72"
"167","MLI","Mali","bovins","cattle","260","130","50"
"168","MLI","Mali","ovins","sheep","26","12","46"
"169","MLI","Mali","caprins","goat","29","14","48"
"170","MLI","Mali","porcins","pigs","58","40","68"
"171","MLI","Mali","poules","chickens","1100","800","72"
"172","MLI","Mali","chevaux","horses","200","100","50"
"173","MLI","Mali","chameaux","camels","300","160","53"
"174","MRT","Mauritania","bovins","cattle","272","124","45"
"175","MRT","Mauritania","ovins","sheep","30","15","50"
"176","MRT","Mauritania","caprins","goat","30","15","50"
"177","MRT","Mauritania","poules","chickens","1100","800","72"
"178","MRT","Mauritania","chevaux","horses","320","150","46"
"179","MRT","Mauritania","chameaux","camels","424","184","43"
"180","MUS","Mauritius","cattle","cattle","400","182","46"
"181","MUS","Mauritius","sheep","sheep","16","12","75"
"182","MUS","Mauritius","goats","goats","15","7.2","48"
"183","MUS","Mauritius","pigs","pigs","85","68","80"
"184","MUS","Mauritius","chickens","chickens","1900","1460","76"
"185","MUS","Mauritius","turkeys","turkeys","4100","3500","85"
"186","MUS","Mauritius","rabbits","rabbits","2500","1800","72"
"187","MAR","Morocco","bovins","cattle","300","160","53"
"188","MAR","Morocco","ovins","sheep","30","14","47"
"189","MAR","Morocco","caprins","goat","32","10","31"
"190","MAR","Morocco","porcins","pigs","65","50","77"
"191","MAR","Morocco","poules","chickens","1800","1200","67"
"192","MAR","Morocco","chevaux","horses","255","130","51"
"193","MAR","Morocco","chameaux","camels","324","120","37"
"194","MOZ","Mozambique","cattle","cattle","290","150","51"
"195","MOZ","Mozambique","sheep","sheep","24","12","50"
"196","MOZ","Mozambique","goats","goats","24","12","50"
"197","MOZ","Mozambique","pigs","pigs","80","60","75"
"198","MOZ","Mozambique","chickens","chickens","1200","900","75"
"199","NAM","Namibia","cattle","cattle","400","224","56"
"200","NAM","Namibia","sheep","sheep","29","16","55"
"201","NAM","Namibia","goats","goats","28","12","42"
"202","NAM","Namibia","pigs","pigs","75","54","72"
"203","NAM","Namibia","chickens","chickens","1100","800","72"
"204","NER","Niger","bovins","cattle","275","114","41"
"205","NER","Niger","ovins","sheep","29","16","55"
"206","NER","Niger","caprins","goat","24","12","50"
"207","NER","Niger","porcins","pigs","60","45","75"
"208","NER","Niger","poules","chickens","1100","800","72"
"209","NER","Niger","chevaux","horses","280","130","46"
"210","NER","Niger","chameaux","camels","305","142","46"
"211","NGA","Nigeria","cattle","cattle","337","167","49"
"212","NGA","Nigeria","sheep","sheep","22","11","50"
"213","NGA","Nigeria","goats","goats","25","12","50"
"214","NGA","Nigeria","pigs","pigs","55","45","81"
"215","NGA","Nigeria","chickens","chickens","1250","1000","80"
"216","REU","Réunion","bovins","cattle","423","229","54"
"217","REU","Réunion","ovins","sheep","24","12","50"
"218","REU","Réunion","caprins","goat","24","9.7","40"
"219","REU","Réunion","porcins","pigs","147","112","76"
"220","REU","Réunion","poules","chickens","1300","1000","76"
"221","REU","Réunion","dindons","turkeys","3500","3000","85"
"222","REU","Réunion","chevaux","horses","415","207","50"
"223","REU","Réunion","lapins","rabbits","1600","1200","75"
"224","RWA","Rwanda","bovins","cattle","230","104","45"
"225","RWA","Rwanda","ovins","sheep","23","12","52"
"226","RWA","Rwanda","caprins","goat","22","11","50"
"227","RWA","Rwanda","porcins","pigs","60","42","70"
"228","RWA","Rwanda","poules","chickens","1100","900","81"
"229","RWA","Rwanda","lapins","rabbits","1800","1200","66"
"230","STP","São Tomé & Príncipe","bovins","cattle","280","176","63"
"231","STP","São Tomé & Príncipe","ovins","sheep","20","10","50"
"232","STP","São Tomé & Príncipe","caprins","goat","22","11","50"
"233","STP","São Tomé & Príncipe","porcins","pigs","68","46","67"
"234","STP","São Tomé & Príncipe","poules","chickens","1000","800","80"
"235","STP","São Tomé & Príncipe","dindons","turkeys","3600","3000","83"
"236","SEN","Senegal","bovins","cattle","250","125","50"
"237","SEN","Senegal","ovins","sheep","28","12","43"
"238","SEN","Senegal","caprins","goat","20","10","50"
"239","SEN","Senegal","porcins","pigs","35","26","75"
"240","SEN","Senegal","poules","chickens","1300","1000","76"
"241","SEN","Senegal","chevaux","horses","250","125","50"
"242","SEN","Senegal","chameaux","camels","300","150","50"
"243","SYC","Seychelles","cattle","cattle","360","217","60"
"244","SYC","Seychelles","goats","goats","22","11","50"
"245","SYC","Seychelles","pigs","pigs","65","50","76"
"246","SYC","Seychelles","chickens","chickens","1200","1000","83"
"247","SLE","Sierra Leone","cattle","cattle","180","90","50"
"248","SLE","Sierra Leone","sheep","sheep","25","11","44"
"249","SLE","Sierra Leone","goats","goats","20","9","45"
"250","SLE","Sierra Leone","pigs","pigs","70","58","82"
"251","SLE","Sierra Leone","chickens","chickens","1200","900","75"
"252","SOM","Somalia","cattle","cattle","230","110","47"
"253","SOM","Somalia","sheep","sheep","26","13","50"
"254","SOM","Somalia","goats","goats","26","13","50"
"255","SOM","Somalia","pigs","pigs","70","50","71"
"256","SOM","Somalia","chickens","chickens","1100","800","72"
"257","SOM","Somalia","camels","camels","360","170","47"
"258","ZAF","South Africa","cattle","cattle","391","215","55"
"259","ZAF","South Africa","sheep","sheep","35","17","49"
"260","ZAF","South Africa","goats","goats","31","17","55"
"261","ZAF","South Africa","pigs","pigs","85","65","76"
"262","ZAF","South Africa","chickens","chickens","1700","1262","74"
"263","ZAF","South Africa","turkeys","turkeys","9000","8000","88"
"264","ZAF","South Africa","horses","horses","420","200","47"
"265","SDN","Sudan","cattle","cattle","217","108","50"
"266","SDN","Sudan","sheep","sheep","32","16","50"
"267","SDN","Sudan","goats","goats","26","13","50"
"268","SDN","Sudan","chickens","chickens","1200","1000","83"
"269","SDN","Sudan","camels","camels","490","225","45"
"270","SWZ","Eswatini","cattle","cattle","432","214","49"
"271","SWZ","Eswatini","sheep","sheep","37","18","48"
"272","SWZ","Eswatini","goats","goats","37","18","48"
"273","SWZ","Eswatini","pigs","pigs","68","50","73"
"274","SWZ","Eswatini","chickens","chickens","1500","1000","66"
"275","TZA","Tanzania","cattle","cattle","206","107","52"
"276","TZA","Tanzania","sheep","sheep","24","12","50"
"277","TZA","Tanzania","goats","goats","24","12","50"
"278","TZA","Tanzania","pigs","pigs","51","40","78"
"279","TZA","Tanzania","chickens","chickens","1270","900","71"
"280","TGO","Togo","bovins","cattle","250","125","50"
"281","TGO","Togo","ovins","sheep","22","11","50"
"282","TGO","Togo","caprins","goat","20","9","45"
"283","TGO","Togo","porcins","pigs","40","28","70"
"284","TGO","Togo","poules","chickens","1100","800","72"
"285","TUN","Tunisia","bovins","cattle","350","182","52"
"286","TUN","Tunisia","ovins","sheep","22","11","49"
"287","TUN","Tunisia","caprins","goat","16","8.2","49"
"288","TUN","Tunisia","porcins","pigs","70","50","70"
"289","TUN","Tunisia","poules","chickens","1584","1218","76"
"290","TUN","Tunisia","dindons","turkeys","6700","5000","74"
"291","TUN","Tunisia","chevaux","horses","115","52","45"
"292","TUN","Tunisia","chameaux","camels","216","80","37"
"293","UGA","Uganda","cattle","cattle","310","150","48"
"294","UGA","Uganda","sheep","sheep","28","13","49"
"295","UGA","Uganda","goats","goats","24","11","49"
"296","UGA","Uganda","pigs","pigs","75","60","80"
"297","UGA","Uganda","chickens","chickens","1600","1300","81"
"298","COD","Congo - Kinshasa","bovins","cattle","303","151","50"
"299","COD","Congo - Kinshasa","ovins","sheep","22","9.9","45"
"300","COD","Congo - Kinshasa","caprins","goat","20","11","55"
"301","COD","Congo - Kinshasa","porcins","pigs","71","50","70"
"302","COD","Congo - Kinshasa","poules","chickens","1000","789","78"
"303","ZMB","Zambia","cattle","cattle","309","154","50"
"304","ZMB","Zambia","sheep","sheep","29","14","48"
"305","ZMB","Zambia","goats","goats","23","12","52"
"306","ZMB","Zambia","pigs","pigs","60","44","73"
"307","ZMB","Zambia","chickens","chickens","1200","1000","83"
"308","ZWE","Zimbabwe","cattle","cattle","359","179","49"
"309","ZWE","Zimbabwe","sheep","sheep","28","14","50"
"310","ZWE","Zimbabwe","goats","goats","24","12","50"
"311","ZWE","Zimbabwe","pigs","pigs","74","55","74"
"312","ZWE","Zimbabwe","chickens","chickens","1500","1150","76"
"313","ZWE","Zimbabwe","turkeys","turkeys","4500","4000","88"
"314","ATG","Antigua & Barbuda","cattle","cattle","377","188","49"
"315","ATG","Antigua & Barbuda","sheep","sheep","26","12","46"
"316","ATG","Antigua & Barbuda","goats","goats","22","10","45"
"317","ATG","Antigua & Barbuda","pigs","pigs","74","51","70"
"318","ATG","Antigua & Barbuda","chickens","chickens","1500","1200","80"
"319","BHS","Bahamas","cattle","cattle","350","170","48"
"320","BHS","Bahamas","sheep","sheep","30","14","46"
"321","BHS","Bahamas","goats","goats","26","12","46"
"322","BHS","Bahamas","pigs","pigs","75","50","66"
"323","BHS","Bahamas","chickens","chickens","1600","1205","75"
"324","BRB","Barbados","cattle","cattle","389","194","50"
"325","BRB","Barbados","sheep","sheep","30","14","46"
"326","BRB","Barbados","goats","goats","30","14","46"
"327","BRB","Barbados","pigs","pigs","136","95","69"
"328","BRB","Barbados","chickens","chickens","1500","1223","81"
"329","BLZ","Belize","cattle","cattle","339","169","49"
"330","BLZ","Belize","sheep","sheep","28","15","53"
"331","BLZ","Belize","goats","goats","24","12","50"
"332","BLZ","Belize","pigs","pigs","54","35","64"
"333","BLZ","Belize","chickens","chickens","1798","1493","83"
"334","BLZ","Belize","turkeys","turkeys","2400","2000","83"
"335","BMU","Bermuda","cattle","cattle","311","156","50"
"336","BMU","Bermuda","goats","goats","26","12","46"
"337","BMU","Bermuda","pigs","pigs","97","68","70"
"338","BMU","Bermuda","chickens","chickens","1500","1200","80"
"339","VGB","British Virgin Islands","cattle","cattle","360","180","50"
"340","VGB","British Virgin Islands","sheep","sheep","30","14","46"
"341","VGB","British Virgin Islands","goats","goats","26","12","46"
"342","VGB","British Virgin Islands","pigs","pigs","75","50","66"
"343","CAN","Canada","cattle","cattle","592","296","50"
"344","CAN","Canada","sheep","sheep","42","21","50"
"345","CAN","Canada","pigs","pigs","96","79","82"
"346","CAN","Canada","chickens","chickens","1820","1492","82"
"347","CAN","Canada","ducks","ducks","2678","2012","75"
"348","CAN","Canada","geese","geese","6570","4937","75"
"349","CAN","Canada","turkeys","turkeys","7556","6193","82"
"350","CAN","Canada","horses","horses","500","204","40"
"351","CRI","Costa Rica","ganado vacuno","cattle","417","204","49"
"352","CRI","Costa Rica","ovinos","sheep","33","15","45"
"353","CRI","Costa Rica","caprinos","goats","26","12","46"
"354","CRI","Costa Rica","cerdos","pigs","96","74","76"
"355","CRI","Costa Rica","gallinas","chickens","1871","1571","83"
"356","CUB","Cuba","ganado vacuno","cattle","286","143","50"
"357","CUB","Cuba","ovinos","sheep","24","12","50"
"358","CUB","Cuba","caprinos","goats","24","12","50"
"359","CUB","Cuba","cerdos","pigs","91","61","66"
"360","CUB","Cuba","gallinas","chickens","1540","1208","78"
"361","CUB","Cuba","caballos","horses","270","120","44"
"362","DMA","Dominica","cattle","cattle","360","180","50"
"363","DMA","Dominica","sheep","sheep","30","14","46"
"364","DMA","Dominica","goats","goats","26","12","46"
"365","DMA","Dominica","pigs","pigs","90","60","66"
"366","DMA","Dominica","chickens","chickens","1586","1000","63"
"367","DOM","Dominican Republic","ganado vacuno","cattle","518","253","48"
"368","DOM","Dominican Republic","ovinos","sheep","20","12","60"
"369","DOM","Dominican Republic","caprinos","goats","24","12","50"
"370","DOM","Dominican Republic","cerdos","pigs","100","65","64"
"371","DOM","Dominican Republic","gallinas","chickens","1721","1205","70"
"372","SLV","El Salvador","ganado vacuno","cattle","318","165","52"
"373","SLV","El Salvador","ovinos","sheep","30","15","50"
"374","SLV","El Salvador","caprinos","goats","30","15","50"
"375","SLV","El Salvador","cerdos","pigs","90","49","54"
"376","SLV","El Salvador","gallinas","chickens","1591","1352","85"
"377","GRL","Greenland","sheep","sheep","35","19","54"
"378","GRD","Grenada","cattle","cattle","303","151","49"
"379","GRD","Grenada","sheep","sheep","33","16","50"
"380","GRD","Grenada","goats","goats","22","11","51"
"381","GRD","Grenada","pigs","pigs","79","56","71"
"382","GRD","Grenada","chickens","chickens","1729","1000","57"
"383","GLP","Guadeloupe","bovins","cattle","418","209","50"
"384","GLP","Guadeloupe","ovins","sheep","24","16","67"
"385","GLP","Guadeloupe","caprins","goat","26","13","49"
"386","GLP","Guadeloupe","porcins","pigs","83","59","71"
"387","GLP","Guadeloupe","poules","chickens","1500","1013","67"
"388","GLP","Guadeloupe","dindons","turkeys","5049","3091","61"
"389","GLP","Guadeloupe","chevaux","horses","250","125","50"
"390","GLP","Guadeloupe","lapins","rabbits","1800","1533","85"
"391","GTM","Guatemala","ganado vacuno","cattle","362","181","50"
"392","GTM","Guatemala","ovinos","sheep","30","15","50"
"393","GTM","Guatemala","caprinos","goats","30","15","50"
"394","GTM","Guatemala","cerdos","pigs","81","74","91"
"395","GTM","Guatemala","gallinas","chickens","2048","1649","80"
"396","GTM","Guatemala","caballos","horses","250","126","50"
"397","HTI","Haiti","bovins","cattle","280","140","50"
"398","HTI","Haiti","ovins","sheep","30","15","50"
"399","HTI","Haiti","caprins","goat","30","15","50"
"400","HTI","Haiti","porcins","pigs","90","59","66"
"401","HTI","Haiti","poules","chickens","1200","900","75"
"402","HTI","Haiti","dindons","turkeys","2000","1500","75"
"403","HTI","Haiti","chevaux","horses","400","200","50"
"404","HND","Honduras","ganado vacuno","cattle","290","154","53"
"405","HND","Honduras","ovinos","sheep","30","15","50"
"406","HND","Honduras","caprinos","goats","30","15","50"
"407","HND","Honduras","cerdos","pigs","45","33","74"
"408","HND","Honduras","gallinas","chickens","1300","999","76"
"409","HND","Honduras","caballos","horses","250","125","50"
"410","JAM","Jamaica","cattle","cattle","436","218","50"
"411","JAM","Jamaica","sheep","sheep","37","17","46"
"412","JAM","Jamaica","goats","goats","26","11","46"
"413","JAM","Jamaica","pigs","pigs","97","64","66"
"414","JAM","Jamaica","chickens","chickens","1830","1455","79"
"415","JAM","Jamaica","horses","horses","300","150","50"
"416","MTQ","Martinique","bovins","cattle","410","205","49"
"417","MTQ","Martinique","ovins","sheep","34","19","57"
"418","MTQ","Martinique","caprins","goat","21","12","57"
"419","MTQ","Martinique","porcins","pigs","81","54","66"
"420","MTQ","Martinique","poules","chickens","1330","1081","81"
"421","MTQ","Martinique","lapins","rabbits","3000","1442","48"
"422","MEX","Mexico","ganado vacuno","cattle","384","209","54"
"423","MEX","Mexico","ovinos","sheep","32","14","45"
"424","MEX","Mexico","caprinos","goats","25","15","60"
"425","MEX","Mexico","cerdos","pigs","82","63","77"
"426","MEX","Mexico","gallinas","chickens","1903","1585","83"
"427","MEX","Mexico","pavos","turkeys","4000","3300","82"
"428","MEX","Mexico","caballos","horses","250","125","50"
"429","MEX","Mexico","conejos","rabbits","1700","1000","58"
"430","MSR","Montserrat","cattle","cattle","360","180","50"
"431","MSR","Montserrat","sheep","sheep","30","14","46"
"432","MSR","Montserrat","goats","goats","26","12","46"
"433","MSR","Montserrat","pigs","pigs","75","50","66"
"434","MSR","Montserrat","chickens","chickens","1500","1200","80"
"435",NA,"Netherlands Antilles","cattle","cattle","300","150","50"
"436",NA,"Netherlands Antilles","sheep","sheep","20","10","50"
"437",NA,"Netherlands Antilles","goats","goats","18","9","50"
"438",NA,"Netherlands Antilles","pigs","pigs","90","60","66"
"439",NA,"Netherlands Antilles","chickens","chickens","1300","1000","76"
"440","NIC","Nicaragua","ganado vacuno","cattle","291","145","49"
"441","NIC","Nicaragua","ovinos","sheep","26","12","46"
"442","NIC","Nicaragua","caprinos","goats","30","16","53"
"443","NIC","Nicaragua","cerdos","pigs","66","44","66"
"444","NIC","Nicaragua","gallinas","chickens","2035","1590","78"
"445","NIC","Nicaragua","caballos","horses","200","100","50"
"446","PAN","Panama","ganado vacuno","cattle","360","187","52"
"447","PAN","Panama","cerdos","pigs","78","66","85"
"448","PAN","Panama","gallinas","chickens","1625","1268","78"
"449","PRI","Puerto Rico","cattle","cattle","439","220","50"
"450","PRI","Puerto Rico","sheep","sheep","25","12","48"
"451","PRI","Puerto Rico","goats","goats","28","11","39"
"452","PRI","Puerto Rico","pigs","pigs","87","47","54"
"453","PRI","Puerto Rico","chickens","chickens","1600","1307","81"
"454","KNA","St. Kitts & Nevis","cattle","cattle","360","181","50"
"455","KNA","St. Kitts & Nevis","sheep","sheep","35","16","45"
"456","KNA","St. Kitts & Nevis","goats","goats","30","14","46"
"457","KNA","St. Kitts & Nevis","pigs","pigs","90","60","66"
"458","KNA","St. Kitts & Nevis","chickens","chickens","1500","1200","80"
"459","LCA","St. Lucia","cattle","cattle","365","182","49"
"460","LCA","St. Lucia","sheep","sheep","42","20","47"
"461","LCA","St. Lucia","goats","goats","30","14","46"
"462","LCA","St. Lucia","pigs","pigs","85","57","67"
"463","LCA","St. Lucia","chickens","chickens","1500","1200","80"
"464","VCT","St. Vincent & Grenadines","cattle","cattle","365","181","49"
"465","VCT","St. Vincent & Grenadines","sheep","sheep","30","13","43"
"466","VCT","St. Vincent & Grenadines","goats","goats","28","12","42"
"467","VCT","St. Vincent & Grenadines","pigs","pigs","95","60","63"
"468","VCT","St. Vincent & Grenadines","chickens","chickens","1696","1000","58"
"469","TTO","Trinidad & Tobago","cattle","cattle","344","172","50"
"470","TTO","Trinidad & Tobago","sheep","sheep","38","20","52"
"471","TTO","Trinidad & Tobago","goats","goats","30","15","50"
"472","TTO","Trinidad & Tobago","pigs","pigs","76","53","69"
"473","TTO","Trinidad & Tobago","chickens","chickens","1965","1549","78"
"474","USA","United States","cattle","cattle","539","308","57"
"475","USA","United States","sheep","sheep","59","28","47"
"476","USA","United States","pigs","pigs","117","83","71"
"477","USA","United States","chickens","chickens","2072","1516","73"
"478","USA","United States","turkeys","turkeys","10296","8027","77"
"479","USA","United States","horses","horses","500","250","50"
"480","VIR","U.S. Virgin Islands","cattle","cattle","410","213","52"
"481","VIR","U.S. Virgin Islands","sheep","sheep","30","14","46"
"482","VIR","U.S. Virgin Islands","goats","goats","23","11","47"
"483","VIR","U.S. Virgin Islands","pigs","pigs","90","70","77"
"484","VIR","U.S. Virgin Islands","chickens","chickens","1700","1300","76"
"485","ARG","Argentina","ganado vacuno","cattle","393","187","47"
"486","ARG","Argentina","ovinos","sheep","34","17","49"
"487","ARG","Argentina","caprinos","goats","13","6.6","50"
"488","ARG","Argentina","cerdos","pigs","112","90","79"
"489","ARG","Argentina","gallinas","chickens","2472","1944","78"
"490","ARG","Argentina","pavos","turkeys","6000","5100","85"
"491","ARG","Argentina","caballos","horses","434","217","49"
"492","ARG","Argentina","conejos","rabbits","1800","1100","61"
"493","BOL","Bolivia","ganado vacuno","cattle","342","171","50"
"494","BOL","Bolivia","ovinos","sheep","22","10","45"
"495","BOL","Bolivia","caprinos","goats","22","10","47"
"496","BOL","Bolivia","cerdos","pigs","88","60","68"
"497","BOL","Bolivia","gallinas","chickens","2000","1750","88"
"498","BOL","Bolivia","pavos","turkeys","2900","2500","86"
"499","BOL","Bolivia","conejos","rabbits","1500","900","60"
"500","BRA","Brazil","cattle","cattle","382","188","49"
"501","BRA","Brazil","sheep","sheep","30","16","53"
"502","BRA","Brazil","goats","goats","22","11","51"
"503","BRA","Brazil","pigs","pigs","120","84","70"
"504","BRA","Brazil","chickens","chickens","1750","1348","77"
"505","BRA","Brazil","turkeys","turkeys","6980","6612","94"
"506","BRA","Brazil","horses","horses","180","129","71"
"507","BRA","Brazil","rabbits","rabbits","2200","1500","68"
"508","CHL","Chile","ganado vacuno","cattle","495","247","49"
"509","CHL","Chile","ovinos","sheep","28","15","55"
"510","CHL","Chile","caprinos","goats","36","18","50"
"511","CHL","Chile","cerdos","pigs","95","79","83"
"512","CHL","Chile","gallinas","chickens","1400","1126","80"
"513","CHL","Chile","caballos","horses","431","215","49"
"514","COL","Colombia","ganado vacuno","cattle","389","194","49"
"515","COL","Colombia","ovinos","sheep","27","14","51"
"516","COL","Colombia","caprinos","goats","31","15","50"
"517","COL","Colombia","cerdos","pigs","91","68","74"
"518","COL","Colombia","gallinas","chickens","1926","1528","79"
"519","COL","Colombia","caballos","horses","360","125","34"
"520","COL","Colombia","conejos","rabbits","1800","1312","72"
"521","ECU","Ecuador","ganado vacuno","cattle","460","230","50"
"522","ECU","Ecuador","ovinos","sheep","50","30","60"
"523","ECU","Ecuador","caprinos","goats","40","24","60"
"524","ECU","Ecuador","cerdos","pigs","90","68","75"
"525","ECU","Ecuador","gallinas","chickens","2000","1500","75"
"526","ECU","Ecuador","pavos","turkeys","10000","7500","75"
"527","ECU","Ecuador","conejos","rabbits","2000","800","40"
"528","FLK","Falkland Islands","cattle","cattle","520","261","50"
"529","FLK","Falkland Islands","sheep","sheep","40","18","45"
"530","FLK","Falkland Islands","chickens","chickens","1700","1300","76"
"531","GUF","French Guiana","bovins","cattle","378","177","46"
"532","GUF","French Guiana","ovins","sheep","26","12","46"
"533","GUF","French Guiana","caprins","goat","22","10","45"
"534","GUF","French Guiana","porcins","pigs","98","91","93"
"535","GUF","French Guiana","poules","chickens","1381","1108","80"
"536","GUY","Guyana","cattle","cattle","318","159","50"
"537","GUY","Guyana","sheep","sheep","20","10","50"
"538","GUY","Guyana","goats","goats","21","10","47"
"539","GUY","Guyana","pigs","pigs","78","50","65"
"540","GUY","Guyana","chickens","chickens","1400","1099","78"
"541","PRY","Paraguay","ganado vacuno","cattle","345","179","52"
"542","PRY","Paraguay","ovinos","sheep","31","15","48"
"543","PRY","Paraguay","caprinos","goats","22","10","45"
"544","PRY","Paraguay","cerdos","pigs","90","60","66"
"545","PRY","Paraguay","gallinas","chickens","1300","1000","76"
"546","PRY","Paraguay","pavos","turkeys","3500","3000","85"
"547","PRY","Paraguay","caballos","horses","360","180","50"
"548","PER","Peru","ganado vacuno","cattle","280","140","50"
"549","PER","Peru","ovinos","sheep","22","10","45"
"550","PER","Peru","caprinos","goats","21","10","48"
"551","PER","Peru","cerdos","pigs","74","52","69"
"552","PER","Peru","gallinas","chickens","1800","1386","77"
"553","PER","Peru","conejos","rabbits","1500","1200","80"
"554","SUR","Suriname","cattle","cattle","274","144","52"
"555","SUR","Suriname","sheep","sheep","25","12","48"
"556","SUR","Suriname","goats","goats","22","10","45"
"557","SUR","Suriname","pigs","pigs","90","60","66"
"558","SUR","Suriname","chickens","chickens","1722","1686","97"
"559","URY","Uruguay","ganado vacuno","cattle","441","233","52"
"560","URY","Uruguay","ovinos","sheep","33","15","48"
"561","URY","Uruguay","cerdos","pigs","108","77","71"
"562","URY","Uruguay","gallinas","chickens","1300","1000","76"
"563","URY","Uruguay","pavos","turkeys","3500","3000","85"
"564","URY","Uruguay","caballos","horses","420","201","47"
"565","URY","Uruguay","conejos","rabbits","1900","1500","78"
"566","VEN","Venezuela","ganado vacuno","cattle","416","208","49"
"567","VEN","Venezuela","ovinos","sheep","30","13","45"
"568","VEN","Venezuela","caprinos","goats","20","9.3","46"
"569","VEN","Venezuela","cerdos","pigs","75","60","80"
"570","VEN","Venezuela","gallinas","chickens","2066","1656","80"
"571","ARM","Armenia","cattle","cattle","265","140","53"
"572","ARM","Armenia","sheep","sheep","33","15","45"
"573","ARM","Armenia","goats","goats","30","13","43"
"574","ARM","Armenia","pigs","pigs","91","70","76"
"575","ARM","Armenia","chickens","chickens","1631","1255","76"
"576","ARM","Armenia","rabbits","rabbits","2149","1653","76"
"577","AFG","Afghanistan","cattle","cattle","230","122","53"
"578","AFG","Afghanistan","sheep","sheep","32","15","48"
"579","AFG","Afghanistan","goats","goats","33","16","49"
"580","AFG","Afghanistan","chickens","chickens","1080","800","74"
"581","AFG","Afghanistan","camels","camels","360","180","50"
"582","AZE","Azerbaijan","cattle","cattle","192","112","58"
"583","AZE","Azerbaijan","sheep","sheep","38","18","47"
"584","AZE","Azerbaijan","pigs","pigs","97","71","73"
"585","AZE","Azerbaijan","chickens","chickens","1896","1365","72"
"586","BHR","Bahrain","cattle","cattle","240","100","41"
"587","BHR","Bahrain","sheep","sheep","36","18","50"
"588","BHR","Bahrain","goats","goats","30","18","62"
"589","BHR","Bahrain","chickens","chickens","1500","1094","72"
"590","BHR","Bahrain","camels","camels","320","212","66"
"591","BGD","Bangladesh","cattle","cattle","130","60","46"
"592","BGD","Bangladesh","buffaloes","buffaloes","155","74","48"
"593","BGD","Bangladesh","sheep","sheep","15","7.1","47"
"594","BGD","Bangladesh","goats","goats","14","7","49"
"595","BGD","Bangladesh","chickens","chickens","1000","726","72"
"596","BTN","Bhutan","cattle","cattle","170","85","50"
"597","BTN","Bhutan","buffaloes","buffaloes","170","85","50"
"598","BTN","Bhutan","sheep","sheep","22","10","45"
"599","BTN","Bhutan","goats","goats","20","9","45"
"600","BTN","Bhutan","pigs","pigs","59","36","62"
"601","BTN","Bhutan","chickens","chickens","1000","700","70"
"602","BRN","Brunei","cattle","cattle","250","125","50"
"603","BRN","Brunei","buffaloes","buffaloes","350","210","60"
"604","MMR","Myanmar (Burma)","cattle","cattle","230","130","56"
"605","MMR","Myanmar (Burma)","buffaloes","buffaloes","300","147","49"
"606","MMR","Myanmar (Burma)","sheep","sheep","20","13","65"
"607","MMR","Myanmar (Burma)","goats","goats","20","13","65"
"608","MMR","Myanmar (Burma)","pigs","pigs","90","68","75"
"609","MMR","Myanmar (Burma)","chickens","chickens","1420","1080","76"
"610","MMR","Myanmar (Burma)","ducks","ducks","1700","1270","75"
"611","MMR","Myanmar (Burma)","geese","geese","3270","2450","75"
"612","MMR","Myanmar (Burma)","turkeys","turkeys","3270","2450","75"
"613","CHN","China","cattle","cattle","322","146","45"
"614","CHN","China","buffaloes","buffaloes","221","100","45"
"615","CHN","China","sheep","sheep","23","11","49"
"616","CHN","China","goats","goats","25","12","50"
"617","CHN","China","pigs","pigs","99","75","75"
"618","CHN","China","chickens","chickens","1759","1328","75"
"619","CHN","China","horses","horses","250","120","48"
"620","CHN","China","camels","camels","450","220","48"
"621","CHN","China","rabbits","rabbits","1836","1412","76"
"622","CYP","Cyprus","cattle","cattle","584","310","53"
"623","CYP","Cyprus","sheep","sheep","43","21","49"
"624","CYP","Cyprus","goats","goats","42","22","53"
"625","CYP","Cyprus","pigs","pigs","103","76","74"
"626","CYP","Cyprus","chickens","chickens","2307","1775","76"
"627","CYP","Cyprus","turkeys","turkeys","6900","5500","79"
"628","CYP","Cyprus","rabbits","rabbits","1734","1284","74"
"629","GEO","Georgia","cattle","cattle","280","117","42"
"630","GEO","Georgia","sheep","sheep","30","12","36"
"631","GEO","Georgia","pigs","pigs","100","70","70"
"632","GEO","Georgia","chickens","chickens","900","650","72"
"633","GEO","Georgia","rabbits","rabbits","2166","1666","77"
"634","HKG","Hong Kong SAR China","cattle","cattle","468","234","50"
"635","HKG","Hong Kong SAR China","sheep","sheep","38","19","50"
"636","HKG","Hong Kong SAR China","goats","goats","24","12","49"
"637","HKG","Hong Kong SAR China","pigs","pigs","84","57","68"
"638","HKG","Hong Kong SAR China","chickens","chickens","1788","1431","80"
"639","IND","India","cattle","cattle","205","102","50"
"640","IND","India","buffaloes","buffaloes","310","138","44"
"641","IND","India","sheep","sheep","22","12","54"
"642","IND","India","goats","goats","18","10","55"
"643","IND","India","pigs","pigs","50","35","70"
"644","IND","India","chickens","chickens","1200","900","75"
"645","IDN","Indonesia","cattle","cattle","400","200","50"
"646","IDN","Indonesia","buffaloes","buffaloes","356","165","46"
"647","IDN","Indonesia","sheep","sheep","21","10","47"
"648","IDN","Indonesia","goats","goats","21","10","47"
"649","IDN","Indonesia","pigs","pigs","68","55","80"
"650","IDN","Indonesia","chickens","chickens","1100","800","72"
"651","IDN","Indonesia","horses","horses","250","125","50"
"652","IRN","Iran","cattle","cattle","280","140","50"
"653","IRN","Iran","buffaloes","buffaloes","350","160","46"
"654","IRN","Iran","sheep","sheep","36","18","50"
"655","IRN","Iran","goats","goats","27","14","52"
"656","IRN","Iran","chickens","chickens","1800","1400","78"
"657","IRN","Iran","ducks","ducks","2500","2000","80"
"658","IRN","Iran","geese","geese","3200","2500","78"
"659","IRN","Iran","turkeys","turkeys","4000","3000","75"
"660","IRN","Iran","camels","camels","400","200","50"
"661","IRQ","Iraq","cattle","cattle","244","135","55"
"662","IRQ","Iraq","buffaloes","buffaloes","330","150","45"
"663","IRQ","Iraq","sheep","sheep","34","16","47"
"664","IRQ","Iraq","goats","goats","25","12","48"
"665","IRQ","Iraq","chickens","chickens","1300","1000","76"
"666","IRQ","Iraq","camels","camels","500","175","35"
"667","ISR","Israel","cattle","cattle","661","352","53"
"668","ISR","Israel","sheep","sheep","38","19","50"
"669","ISR","Israel","goats","goats","33","15","48"
"670","ISR","Israel","pigs","pigs","100","76","76"
"671","ISR","Israel","chickens","chickens","1364","1051","77"
"672","ISR","Israel","turkeys","turkeys","8016","6341","79"
"673","ISR","Israel","camels","camels","320","159","49"
"674","JPN","Japan","cattle","cattle","717","394","55"
"675","JPN","Japan","sheep","sheep","52","26","50"
"676","JPN","Japan","goats","goats","62","27","44"
"677","JPN","Japan","pigs","pigs","108","75","69"
"678","JPN","Japan","chickens","chickens","2591","1819","70"
"679","JPN","Japan","turkeys","turkeys","4000","3000","75"
"680","JPN","Japan","horses","horses","780","373","48"
"681","JOR","Jordan","cattle","cattle","310","165","53"
"682","JOR","Jordan","sheep","sheep","29","14","48"
"683","JOR","Jordan","goats","goats","24","11","46"
"684","JOR","Jordan","chickens","chickens","1500","1100","73"
"685","JOR","Jordan","turkeys","turkeys","5000","4000","80"
"686","JOR","Jordan","camels","camels","175","120","69"
"687","JOR","Jordan","rabbits","rabbits","2000","1200","60"
"688","KAZ","Kazakhstan","cattle","cattle","296","157","53"
"689","KAZ","Kazakhstan","sheep","sheep","35","16","46"
"690","KAZ","Kazakhstan","goats","goats","36","16","46"
"691","KAZ","Kazakhstan","pigs","pigs","80","51","64"
"692","KAZ","Kazakhstan","chickens","chickens","1481","1075","73"
"693","KAZ","Kazakhstan","horses","horses","315","172","54"
"694","KAZ","Kazakhstan","rabbits","rabbits","2113","1056","50"
"695","KGZ","Kyrgyzstan","cattle","cattle","374","214","57"
"696","KGZ","Kyrgyzstan","sheep","sheep","37","16","44"
"697","KGZ","Kyrgyzstan","goats","goats","35","15","44"
"698","KGZ","Kyrgyzstan","pigs","pigs","117","90","76"
"699","KGZ","Kyrgyzstan","chickens","chickens","1261","970","76"
"700","KGZ","Kyrgyzstan","horses","horses","371","180","48"
"701","KGZ","Kyrgyzstan","rabbits","rabbits","1877","1501","79"
"702","KHM","Cambodia","bovins","cattle","218","120","55"
"703","KHM","Cambodia","buffles","buffaloes","320","160","50"
"704","KHM","Cambodia","porcins","pigs","72","50","69"
"705","KHM","Cambodia","poules","chickens","1300","1000","76"
"706","PRK","North Korea","cattle","cattle","290","150","51"
"707","PRK","North Korea","sheep","sheep","33","15","45"
"708","PRK","North Korea","goats","goats","33","15","45"
"709","PRK","North Korea","pigs","pigs","66","50","75"
"710","PRK","North Korea","chickens","chickens","1300","1100","84"
"711","KOR","South Korea","cattle","cattle","500","305","61"
"712","KOR","South Korea","sheep","sheep","30","14","46"
"713","KOR","South Korea","goats","goats","30","15","50"
"714","KOR","South Korea","pigs","pigs","90","67","74"
"715","KOR","South Korea","chickens","chickens","1800","1190","66"
"716","KOR","South Korea","rabbits","rabbits","2800","2000","71"
"717","KWT","Kuwait","cattle","cattle","357","195","55"
"718","KWT","Kuwait","sheep","sheep","49","26","53"
"719","KWT","Kuwait","goats","goats","40","21","53"
"720","KWT","Kuwait","chickens","chickens","1500","1050","70"
"721","KWT","Kuwait","camels","camels","700","350","50"
"722","LAO","Laos","bovins","cattle","130","78","60"
"723","LAO","Laos","buffles","buffaloes","200","110","55"
"724","LAO","Laos","caprins","goat","20","11","55"
"725","LAO","Laos","porcins","pigs","30","21","70"
"726","LAO","Laos","poules","chickens","1200","850","70"
"727","LAO","Laos","canards","ducks","2000","1500","75"
"728","LBN","Lebanon","bovins","cattle","383","192","50"
"729","LBN","Lebanon","ovins","sheep","50","25","50"
"730","LBN","Lebanon","caprins","goat","46","22","48"
"731","LBN","Lebanon","porcins","pigs","100","75","75"
"732","LBN","Lebanon","poules","chickens","1380","1060","77"
"733","MYS","Malaysia","cattle","cattle","300","113","38"
"734","MYS","Malaysia","buffaloes","buffaloes","350","181","52"
"735","MYS","Malaysia","sheep","sheep","25","16","64"
"736","MYS","Malaysia","goats","goats","20","9.1","46"
"737","MYS","Malaysia","pigs","pigs","90","60","67"
"738","MYS","Malaysia","chickens","chickens","2000","1600","80"
"739","MYS","Malaysia","ducks","ducks","3100","2500","84"
"740","MYS","Malaysia","horses","horses","250","120","48"
"741","MNG","Mongolia","cattle","cattle","266","133","50"
"742","MNG","Mongolia","sheep","sheep","46","19","42"
"743","MNG","Mongolia","goats","goats","32","14","44"
"744","MNG","Mongolia","pigs","pigs","77","47","61"
"745","MNG","Mongolia","chickens","chickens","1493","1148","76"
"746","NPL","Nepal","cattle","cattle","170","85","50"
"747","NPL","Nepal","buffaloes","buffaloes","368","184","50"
"748","NPL","Nepal","sheep","sheep","28","14","50"
"749","NPL","Nepal","goats","goats","24","12","50"
"750","NPL","Nepal","pigs","pigs","27","14","50"
"751","NPL","Nepal","chickens","chickens","1300","975","75"
"752","OMN","Oman","cattle","cattle","260","130","50"
"753","OMN","Oman","sheep","sheep","50","30","60"
"754","OMN","Oman","goats","goats","40","25","62"
"755","OMN","Oman","chickens","chickens","1200","800","66"
"756","OMN","Oman","camels","camels","430","210","48"
"757","PAK","Pakistan","cattle","cattle","363","181","49"
"758","PAK","Pakistan","buffaloes","buffaloes","264","132","50"
"759","PAK","Pakistan","sheep","sheep","38","19","50"
"760","PAK","Pakistan","goats","goats","36","16","46"
"761","PAK","Pakistan","chickens","chickens","1420","1065","75"
"762","PHL","Philippines","cattle","cattle","400","200","50"
"763","PHL","Philippines","buffaloes","buffaloes","370","185","50"
"764","PHL","Philippines","sheep","sheep","26","13","50"
"765","PHL","Philippines","goats","goats","30","13","43"
"766","PHL","Philippines","pigs","pigs","80","56","70"
"767","PHL","Philippines","chickens","chickens","1452","1118","77"
"768","PHL","Philippines","turkeys","turkeys","2000","1500","75"
"769","PHL","Philippines","horses","horses","207","103","50"
"770","QAT","Qatar","cattle","cattle","240","120","50"
"771","QAT","Qatar","sheep","sheep","28","15","53"
"772","QAT","Qatar","goats","goats","25","14","56"
"773","QAT","Qatar","chickens","chickens","1300","1082","83"
"774","SAU","Saudi Arabia","cattle","cattle","383","191","50"
"775","SAU","Saudi Arabia","sheep","sheep","35","17","50"
"776","SAU","Saudi Arabia","goats","goats","28","14","50"
"777","SAU","Saudi Arabia","chickens","chickens","1300","1000","76"
"778","SAU","Saudi Arabia","camels","camels","447","223","49"
"779","SGP","Singapore","cattle","cattle","0","220","59"
"780","SGP","Singapore","sheep","sheep","67","25","37"
"781","SGP","Singapore","pigs","pigs","120","66","54"
"782","SGP","Singapore","chickens","chickens","2000","1500","75"
"783","LKA","Sri Lanka","cattle","cattle","271","135","50"
"784","LKA","Sri Lanka","buffaloes","buffaloes","226","113","50"
"785","LKA","Sri Lanka","sheep","sheep","35","20","57"
"786","LKA","Sri Lanka","goats","goats","35","20","57"
"787","LKA","Sri Lanka","pigs","pigs","103","71","69"
"788","LKA","Sri Lanka","chickens","chickens","1560","1200","76"
"789","SYR","Syria","cattle","cattle","220","110","50"
"790","SYR","Syria","buffaloes","buffaloes","220","110","50"
"791","SYR","Syria","sheep","sheep","36","18","50"
"792","SYR","Syria","goats","goats","30","16","55"
"793","SYR","Syria","chickens","chickens","1405","1000","71"
"794","SYR","Syria","turkeys","turkeys","9500","7000","73"
"795","SYR","Syria","camels","camels","380","180","47"
"796","SYR","Syria","rabbits","rabbits","3000","1800","60"
"797","TJK","Tajikistan","cattle","cattle","287","164","57"
"798","TJK","Tajikistan","sheep","sheep","34","15","44"
"799","TJK","Tajikistan","pigs","pigs","56","43","76"
"800","TJK","Tajikistan","chickens","chickens","1094","841","76"
"801","TKM","Turkmenistan","cattle","cattle","314","179","57"
"802","TKM","Turkmenistan","sheep","sheep","33","15","44"
"803","TKM","Turkmenistan","goats","goats","34","15","44"
"804","TKM","Turkmenistan","pigs","pigs","79","60","76"
"805","TKM","Turkmenistan","chickens","chickens","1630","1254","76"
"806","THA","Thailand","cattle","cattle","364","200","54"
"807","THA","Thailand","buffaloes","buffaloes","506","253","50"
"808","THA","Thailand","sheep","sheep","33","15","45"
"809","THA","Thailand","goats","goats","33","15","45"
"810","THA","Thailand","pigs","pigs","72","50","69"
"811","THA","Thailand","chickens","chickens","1626","1301","80"
"812","TUR","Turkey","cattle","cattle","302","151","50"
"813","TUR","Turkey","buffaloes","buffaloes","298","149","49"
"814","TUR","Turkey","sheep","sheep","34","15","44"
"815","TUR","Turkey","goats","goats","35","15","44"
"816","TUR","Turkey","pigs","pigs","82","60","74"
"817","TUR","Turkey","chickens","chickens","1500","1200","80"
"818","TUR","Turkey","turkeys","turkeys","2500","2000","80"
"819","TUR","Turkey","horses","horses","320","150","46"
"820","TUR","Turkey","camels","camels","525","248","47"
"821","TUR","Turkey","rabbits","rabbits","1300","1000","76"
"822","ARE","United Arab Emirates","cattle","cattle","480","250","52"
"823","ARE","United Arab Emirates","sheep","sheep","36","18","50"
"824","ARE","United Arab Emirates","goats","goats","32","16","50"
"825","ARE","United Arab Emirates","chickens","chickens","1500","1200","80"
"826","ARE","United Arab Emirates","camels","camels","380","180","47"
"827","UZB","Uzbekistan","cattle","cattle","319","182","57"
"828","UZB","Uzbekistan","sheep","sheep","39","17","44"
"829","UZB","Uzbekistan","pigs","pigs","81","62","76"
"830","UZB","Uzbekistan","chickens","chickens","1643","1264","76"
"831","VNM","Vietnam","bovins","cattle","276","151","54"
"832","VNM","Vietnam","buffles","buffaloes","430","215","50"
"833","VNM","Vietnam","caprins","goat","33","15","45"
"834","VNM","Vietnam","porcins","pigs","92","61","66"
"835","VNM","Vietnam","poules","chickens","961","800","83"
"836","VNM","Vietnam","chevaux","horses","230","110","47"
"837","YEM","Yemen","cattle","cattle","171","91","53"
"838","YEM","Yemen","sheep","sheep","20","10","50"
"839","YEM","Yemen","goats","goats","20","10","50"
"840","YEM","Yemen","chickens","chickens","1189","915","76"
"841","YEM","Yemen","camels","camels","320","160","50"
"842","ALB","Albania","bovins","cattle","196","105","53"
"843","ALB","Albania","ovins","sheep","17","8.5","48"
"844","ALB","Albania","caprins","goat","24","9.2","38"
"845","ALB","Albania","porcins","pigs","57","45","78"
"846","ALB","Albania","poules","chickens","809","608","75"
"847","AUT","Austria","cattle","cattle","545","289","53"
"848","AUT","Austria","sheep","sheep","45","21","47"
"849","AUT","Austria","goats","goats","19","9.5","50"
"850","AUT","Austria","pigs","pigs","127","103","81"
"851","AUT","Austria","chickens","chickens","1642","1235","75"
"852","AUT","Austria","turkeys","turkeys","11364","8436","74"
"853","AUT","Austria","horses","horses","459","229","49"
"854","AUT","Austria","rabbits","rabbits","2400","1675","69"
"855","BEL","Belgium","bovins","cattle","603","331","54"
"856","BEL","Belgium","ovins","sheep","42","21","50"
"857","BEL","Belgium","porcins","pigs","114","91","79"
"858","BEL","Belgium","poules","chickens","1955","1427","72"
"859","BEL","Belgium","dindons","turkeys","6956","5499","79"
"860","BEL","Belgium","chevaux","horses","572","286","49"
"861","BGR","Bulgaria","bovins","cattle","371","192","51"
"862","BGR","Bulgaria","buffles","buffaloes","422","218","51"
"863","BGR","Bulgaria","ovins","sheep","38","16","42"
"864","BGR","Bulgaria","caprins","goat","28","12","42"
"865","BGR","Bulgaria","porcins","pigs","111","74","66"
"866","BGR","Bulgaria","poules","chickens","1942","1400","72"
"867","BGR","Bulgaria","lapins","rabbits","3096","1702","55"
"868","CZE","Czechia","cattle","cattle","522","277","53"
"869","CZE","Czechia","sheep","sheep","58","26","45"
"870","CZE","Czechia","goats","goats","70","31","44"
"871","CZE","Czechia","pigs","pigs","112","80","71"
"872","CZE","Czechia","chickens","chickens","1800","1350","75"
"873","CZE","Czechia","turkeys","turkeys","14000","11200","80"
"874","CZE","Czechia","horses","horses","600","318","53"
"875","CZE","Czechia","rabbits","rabbits","3000","1770","59"
"876","SVK","Slovakia","cattle","cattle","420","226","54"
"877","SVK","Slovakia","sheep","sheep","17","8","47"
"878","SVK","Slovakia","goats","goats","11","5","45"
"879","SVK","Slovakia","pigs","pigs","110","93","85"
"880","SVK","Slovakia","chickens","chickens","1790","1253","70"
"881","SVK","Slovakia","ducks","ducks","2600","1820","70"
"882","SVK","Slovakia","geese","geese","5200","3640","70"
"883","SVK","Slovakia","turkeys","turkeys","6500","4550","70"
"884","SVK","Slovakia","horses","horses","266","141","53"
"885","SVK","Slovakia","rabbits","rabbits","2800","1873","67"
"886","DNK","Denmark","cattle","cattle","500","247","49"
"887","DNK","Denmark","sheep","sheep","42","21","49"
"888","DNK","Denmark","pigs","pigs","106","75","70"
"889","DNK","Denmark","chickens","chickens","1718","1320","76"
"890","DNK","Denmark","turkeys","turkeys","11457","8184","71"
"891","DNK","Denmark","horses","horses","635","295","46"
"892","FIN","Finland","cattle","cattle","466","242","52"
"893","FIN","Finland","sheep","sheep","44","20","45"
"894","FIN","Finland","pigs","pigs","104","78","75"
"895","FIN","Finland","chickens","chickens","1575","1184","75"
"896","FIN","Finland","horses","horses","524","273","52"
"897","FRA","France","bovins","cattle","521","276","52"
"898","FRA","France","ovins","sheep","35","17","50"
"899","FRA","France","caprins","goat","13","6.7","52"
"900","FRA","France","porcins","pigs","114","85","74"
"901","FRA","France","poules","chickens","1756","1317","75"
"902","FRA","France","dindons","turkeys","7568","5676","75"
"903","FRA","France","chevaux","horses","530","288","54"
"904","FRA","France","lapins","rabbits","2000","1500","75"
"905","DEU","Germany","cattle","cattle","555","295","53"
"906","DEU","Germany","sheep","sheep","40","19","48"
"907","DEU","Germany","goats","goats","37","18","49"
"908","DEU","Germany","pigs","pigs","117","90","77"
"909","DEU","Germany","chickens","chickens","1750","1280","73"
"910","DEU","Germany","turkeys","turkeys","13750","11140","81"
"911","DEU","Germany","horses","horses","528","264","50"
"912","DEU","Germany","rabbits","rabbits","2400","1600","66"
"913","GRC","Greece","bovins","cattle","424","221","52"
"914","GRC","Greece","ovins","sheep","22","11","49"
"915","GRC","Greece","caprins","goat","20","10","49"
"916","GRC","Greece","porcins","pigs","79","60","76"
"917","GRC","Greece","poules","chickens","1500","1100","73"
"918","GRC","Greece","dindons","turkeys","5500","4200","76"
"919","GRC","Greece","chevaux","horses","360","180","50"
"920","GRC","Greece","lapins","rabbits","2015","1515","75"
"921","HUN","Hungary","cattle","cattle","423","243","57"
"922","HUN","Hungary","sheep","sheep","25","12","48"
"923","HUN","Hungary","pigs","pigs","117","97","82"
"924","HUN","Hungary","chickens","chickens","1891","1419","75"
"925","HUN","Hungary","turkeys","turkeys","8016","6012","75"
"926","HUN","Hungary","rabbits","rabbits","2578","1418","55"
"927","ISL","Iceland","cattle","cattle","226","136","60"
"928","ISL","Iceland","sheep","sheep","32","15","48"
"929","ISL","Iceland","pigs","pigs","80","60","76"
"930","ISL","Iceland","chickens","chickens","1641","1224","74"
"931","ISL","Iceland","horses","horses","193","100","52"
"932","IRL","Ireland","cattle","cattle","612","318","52"
"933","IRL","Ireland","sheep","sheep","42","21","50"
"934","IRL","Ireland","pigs","pigs","92","69","75"
"935","IRL","Ireland","chickens","chickens","1540","1155","75"
"936","IRL","Ireland","turkeys","turkeys","7900","5925","75"
"937","IRL","Ireland","horses","horses","509","244","48"
"938","ITA","Italy","bovins","cattle","441","247","55"
"939","ITA","Italy","buffles","buffaloes","359","178","49"
"940","ITA","Italy","ovins","sheep","16","9.2","56"
"941","ITA","Italy","caprins","goat","14","8.3","55"
"942","ITA","Italy","porcins","pigs","141","111","79"
"943","ITA","Italy","poules","chickens","2118","1590","75"
"944","ITA","Italy","dindons","turkeys","11200","8385","74"
"945","ITA","Italy","chevaux","horses","412","218","52"
"946","ITA","Italy","lapins","rabbits","2000","1500","75"
"947","MLT","Malta","cattle","cattle","438","250","57"
"948","MLT","Malta","sheep","sheep","32","16","50"
"949","MLT","Malta","goats","goats","26","14","56"
"950","MLT","Malta","pigs","pigs","95","76","79"
"951","MLT","Malta","chickens","chickens","1664","1248","75"
"952","MLT","Malta","turkeys","turkeys","5586","4200","75"
"953","MLT","Malta","horses","horses","168","96","57"
"954","MLT","Malta","rabbits","rabbits","2100","1500","71"
"955","NLD","Netherlands","cattle","cattle","447","244","54"
"956","NLD","Netherlands","sheep","sheep","50","24","49"
"957","NLD","Netherlands","goats","goats","26","13","48"
"958","NLD","Netherlands","pigs","pigs","113","86","75"
"959","NLD","Netherlands","chickens","chickens","1600","1250","78"
"960","NLD","Netherlands","turkeys","turkeys","7100","5000","70"
"961","NLD","Netherlands","horses","horses","569","239","42"
"962","NOR","Norway","cattle","cattle","469","244","52"
"963","NOR","Norway","sheep","sheep","44","19","45"
"964","NOR","Norway","goats","goats","26","11","45"
"965","NOR","Norway","pigs","pigs","102","77","75"
"966","NOR","Norway","chickens","chickens","1386","1047","75"
"967","NOR","Norway","horses","horses","489","254","51"
"968","POL","Poland","cattle","cattle","256","133","52"
"969","POL","Poland","sheep","sheep","36","16","45"
"970","POL","Poland","pigs","pigs","112","86","77"
"971","POL","Poland","chickens","chickens","1700","1300","69"
"972","POL","Poland","turkeys","turkeys","6670","5000","69"
"973","POL","Poland","horses","horses","507","280","55"
"974","POL","Poland","rabbits","rabbits","2100","1211","57"
"975","PRT","Portugal","cattle","cattle","442","246","55"
"976","PRT","Portugal","sheep","sheep","20","10","50"
"977","PRT","Portugal","goats","goats","15","7.6","50"
"978","PRT","Portugal","pigs","pigs","95","73","76"
"979","PRT","Portugal","chickens","chickens","1473","1107","75"
"980","PRT","Portugal","turkeys","turkeys","5300","4000","75"
"981","PRT","Portugal","horses","horses","329","164","49"
"982","ROU","Romania","bovins","cattle","248","121","49"
"983","ROU","Romania","ovins","sheep","20","8","43"
"984","ROU","Romania","caprins","goat","22","9","41"
"985","ROU","Romania","porcins","pigs","105","75","71"
"986","ROU","Romania","poules","chickens","2000","1500","75"
"987","ROU","Romania","chevaux","horses","350","175","50"
"988","ROU","Romania","lapins","rabbits","3000","1500","50"
"989","ESP","Spain","ganado vacuno","cattle","475","250","52"
"990","ESP","Spain","ovinos","sheep","22","11","49"
"991","ESP","Spain","caprinos","goats","19","7.9","39"
"992","ESP","Spain","cerdos","pigs","97","78","79"
"993","ESP","Spain","gallinas","chickens","2029","1522","75"
"994","ESP","Spain","pavos","turkeys","4800","4000","83"
"995","ESP","Spain","caballos","horses","371","187","50"
"996","ESP","Spain","conejos","rabbits","1842","1228","66"
"997","SWE","Sweden","cattle","cattle","510","275","54"
"998","SWE","Sweden","sheep","sheep","40","18","46"
"999","SWE","Sweden","pigs","pigs","107","82","77"
"1000","SWE","Sweden","chickens","chickens","1650","1200","73"
"1001","SWE","Sweden","turkeys","turkeys","3971","3057","76"
"1002","SWE","Sweden","horses","horses","518","270","52"
"1003","CHE","Switzerland","bovins","cattle","365","197","54"
"1004","CHE","Switzerland","ovins","sheep","43","19","44"
"1005","CHE","Switzerland","caprins","goat","33","15","44"
"1006","CHE","Switzerland","porcins","pigs","107","84","78"
"1007","CHE","Switzerland","poules","chickens","1765","1200","68"
"1008","CHE","Switzerland","chevaux","horses","535","294","55"
"1009","CHE","Switzerland","lapins","rabbits","3300","2000","60"
"1010","GBR","United Kingdom","cattle","cattle","544","294","54"
"1011","GBR","United Kingdom","sheep","sheep","37","19","51"
"1012","GBR","United Kingdom","pigs","pigs","93","71","76"
"1013","GBR","United Kingdom","chickens","chickens","2200","1500","68"
"1014","GBR","United Kingdom","turkeys","turkeys","9200","7500","82"
"1015","GBR","United Kingdom","horses","horses","308","154","50"
"1016","BIH","Bosnia & Herzegovina","cattle","cattle","279","168","60"
"1017","BIH","Bosnia & Herzegovina","sheep","sheep","23","12","52"
"1018","BIH","Bosnia & Herzegovina","pigs","pigs","81","66","81"
"1019","BIH","Bosnia & Herzegovina","chickens","chickens","1189","892","75"
"1020","BIH","Bosnia & Herzegovina","turkeys","turkeys","9846","7385","75"
"1021","HRV","Croatia","cattle","cattle","412","221","53"
"1022","HRV","Croatia","sheep","sheep","21","10","50"
"1023","HRV","Croatia","goats","goats","36","18","50"
"1024","HRV","Croatia","pigs","pigs","93","72","77"
"1025","HRV","Croatia","chickens","chickens","1169","872","74"
"1026","HRV","Croatia","turkeys","turkeys","10589","7942","75"
"1027","HRV","Croatia","horses","horses","370","200","54"
"1028","MKD","North Macedonia","cattle","cattle","170","93","54"
"1029","MKD","North Macedonia","sheep","sheep","39","19","50"
"1030","MKD","North Macedonia","pigs","pigs","119","95","79"
"1031","MKD","North Macedonia","chickens","chickens","1316","989","75"
"1032","SVN","Slovenia","cattle","cattle","482","264","54"
"1033","SVN","Slovenia","sheep","sheep","28","13","47"
"1034","SVN","Slovenia","pigs","pigs","106","93","87"
"1035","SVN","Slovenia","chickens","chickens","1448","1087","75"
"1036","SVN","Slovenia","turkeys","turkeys","10014","7529","75"
"1037","SVN","Slovenia","horses","horses","407","230","56"
"1038",NA,"Yugoslavia","cattle","cattle","440","235","53"
"1039",NA,"Yugoslavia","sheep","sheep","26","13","51"
"1040",NA,"Yugoslavia","goats","goats","36","18","50"
"1041",NA,"Yugoslavia","pigs","pigs","99","77","78"
"1042",NA,"Yugoslavia","chickens","chickens","1226","919","75"
"1043",NA,"Yugoslavia","turkeys","turkeys","10662","7997","75"
"1044",NA,"Yugoslavia","horses","horses","313","156","50"
"1045","BLR","Belarus","cattle","cattle","302","172","57"
"1046","BLR","Belarus","sheep","sheep","45","19","44"
"1047","BLR","Belarus","pigs","pigs","91","70","76"
"1048","BLR","Belarus","chickens","chickens","1692","1301","76"
"1049","EST","Estonia","cattle","cattle","258","147","57"
"1050","EST","Estonia","sheep","sheep","46","20","44"
"1051","EST","Estonia","pigs","pigs","86","66","76"
"1052","EST","Estonia","chickens","chickens","1321","1016","76"
"1053","EST","Estonia","rabbits","rabbits","2084","1667","79"
"1054","LVA","Latvia","cattle","cattle","281","177","63"
"1055","LVA","Latvia","sheep","sheep","46","27","59"
"1056","LVA","Latvia","pigs","pigs","100","82","82"
"1057","LVA","Latvia","chickens","chickens","1824","1313","72"
"1058","LVA","Latvia","horses","horses","448","250","56"
"1059","LTU","Lithuania","cattle","cattle","272","155","57"
"1060","LTU","Lithuania","sheep","sheep","51","22","44"
"1061","LTU","Lithuania","pigs","pigs","111","85","76"
"1062","LTU","Lithuania","chickens","chickens","1709","1314","76"
"1063","LTU","Lithuania","horses","horses","370","180","48"
"1064","LTU","Lithuania","rabbits","rabbits","2004","1603","79"
"1065","MDA","Moldova","cattle","cattle","315","180","57"
"1066","MDA","Moldova","sheep","sheep","29","12","44"
"1067","MDA","Moldova","pigs","pigs","95","73","76"
"1068","MDA","Moldova","chickens","chickens","1705","1311","76"
"1069","MDA","Moldova","turkeys","turkeys","7666","5896","76"
"1070","MDA","Moldova","horses","horses","370","180","48"
"1071","MDA","Moldova","rabbits","rabbits","2000","1600","80"
"1072","RUS","Russia","cattle","cattle","277","158","57"
"1073","RUS","Russia","sheep","sheep","34","15","44"
"1074","RUS","Russia","goats","goats","30","14","46"
"1075","RUS","Russia","pigs","pigs","98","75","76"
"1076","RUS","Russia","chickens","chickens","1645","1265","76"
"1077","RUS","Russia","rabbits","rabbits","2066","1601","77"
"1078","UKR","Ukraine","cattle","cattle","268","159","59"
"1079","UKR","Ukraine","sheep","sheep","30","13","43"
"1080","UKR","Ukraine","goats","goats","30","13","43"
"1081","UKR","Ukraine","pigs","pigs","112","82","73"
"1082","UKR","Ukraine","chickens","chickens","1500","1100","73"
"1083","UKR","Ukraine","horses","horses","339","204","60"
"1084","UKR","Ukraine","rabbits","rabbits","3800","1900","50"
"1085","ASM","American Samoa","cattle","cattle","300","150","50"
"1086","ASM","American Samoa","pigs","pigs","75","50","66"
"1087","ASM","American Samoa","chickens","chickens","1100","800","72"
"1088","AUS","Australia","cattle","cattle","431","215","50"
"1089","AUS","Australia","sheep","sheep","38","19","50"
"1090","AUS","Australia","goats","goats","48","25","52"
"1091","AUS","Australia","pigs","pigs","95","66","70"
"1092","AUS","Australia","chickens","chickens","1750","1425","81"
"1093","AUS","Australia","turkeys","turkeys","5500","3500","63"
"1094","AUS","Australia","horses","horses","560","280","50"
"1095","SLB","Solomon Islands","cattle","cattle","370","185","50"
"1096","COK","Cook Islands","cattle","cattle","300","132","44"
"1097","COK","Cook Islands","goats","goats","33","15","45"
"1098","COK","Cook Islands","pigs","pigs","45","30","66"
"1099","COK","Cook Islands","chickens","chickens","1100","800","72"
"1100","FJI","Fiji","cattle","cattle","380","190","50"
"1101","FJI","Fiji","sheep","sheep","30","15","53"
"1102","FJI","Fiji","goats","goats","25","11","46"
"1103","FJI","Fiji","pigs","pigs","70","45","64"
"1104","FJI","Fiji","chickens","chickens","1812","1292","71"
"1105","FJI","Fiji","turkeys","turkeys","1900","1500","78"
"1106","PYF","French Polynesia","bovins","cattle","330","157","47"
"1107","PYF","French Polynesia","ovins","sheep","33","15","45"
"1108","PYF","French Polynesia","caprins","goat","33","15","45"
"1109","PYF","French Polynesia","porcins","pigs","75","53","71"
"1110","PYF","French Polynesia","poules","chickens","1200","900","75"
"1111","KIR","Kiribati","pigs","pigs","55","40","72"
"1112","KIR","Kiribati","chickens","chickens","1100","850","77"
"1113","GUM","Guam","cattle","cattle","350","166","47"
"1114","GUM","Guam","buffaloes","buffaloes","320","150","46"
"1115","GUM","Guam","goats","goats","33","38","115"
"1116","GUM","Guam","pigs","pigs","90","65","72"
"1117","GUM","Guam","chickens","chickens","1100","860","78"
"1118","NRU","Nauru","pigs","pigs","45","30","66"
"1119","NRU","Nauru","chickens","chickens","1100","800","72"
"1120","NCL","New Caledonia","bovins","cattle","348","174","50"
"1121","NCL","New Caledonia","ovins","sheep","30","16","53"
"1122","NCL","New Caledonia","caprins","goat","26","12","45"
"1123","NCL","New Caledonia","porcins","pigs","108","81","75"
"1124","NCL","New Caledonia","poules","chickens","1200","779","64"
"1125","VUT","Vanuatu","cattle","cattle","448","215","48"
"1126","VUT","Vanuatu","goats","goats","22","10","45"
"1127","VUT","Vanuatu","pigs","pigs","74","51","68"
"1128","VUT","Vanuatu","chickens","chickens","1300","1000","76"
"1129","VUT","Vanuatu","horses","horses","300","150","50"
"1130","NZL","New Zealand","cattle","cattle","340","170","50"
"1131","NZL","New Zealand","sheep","sheep","34","17","50"
"1132","NZL","New Zealand","goats","goats","23","11","50"
"1133","NZL","New Zealand","pigs","pigs","86","62","72"
"1134","NZL","New Zealand","chickens","chickens","1820","1370","75"
"1135","NZL","New Zealand","turkeys","turkeys","4729","3920","83"
"1136","NZL","New Zealand","horses","horses","520","260","50"
"1137","NIU","Niue","cattle","cattle","400","200","50"
"1138","NIU","Niue","pigs","pigs","99","65","65"
"1139","NIU","Niue","chickens","chickens","1279","930","72"
"1140","PNG","Papua New Guinea","cattle","cattle","300","150","50"
"1141","PNG","Papua New Guinea","sheep","sheep","33","15","45"
"1142","PNG","Papua New Guinea","goats","goats","33","15","45"
"1143","PNG","Papua New Guinea","pigs","pigs","45","30","66"
"1144","PNG","Papua New Guinea","chickens","chickens","1200","900","75"
"1145","PNG","Papua New Guinea","turkeys","turkeys","1700","1300","76"
"1146","PNG","Papua New Guinea","horses","horses","320","150","46"
"1147","TON","Tonga","cattle","cattle","356","190","53"
"1148","TON","Tonga","goats","goats","33","15","45"
"1149","TON","Tonga","pigs","pigs","73","44","59"
"1150","TON","Tonga","chickens","chickens","1143","816","71"
"1151","TUV","Tuvalu","pigs","pigs","45","24","54"
"1152","TUV","Tuvalu","chickens","chickens","1300","813","62"
"1153","WSM","Samoa","cattle","cattle","320","148","46"
"1154","WSM","Samoa","pigs","pigs","48","35","72"
"1155","WSM","Samoa","chickens","chickens","1200","781","65"
