country,species,live_weight
Algeria,Cattle,319.0
Algeria,Sheep,32.0
Algeria,Goat,20.0
Algeria,Pigs,60.0
Algeria,Chickens,1.3
Algeria,Turkeys,6.7
Algeria,Horses,259.0
Algeria,Camels,459.0
Algeria,Rabbits,1.6
Angola,Cattle,300.0
Angola,Sheep,33.0
Angola,Goat,33.0
Angola,Pigs,81.0
Angola,Chickens,1.2
Benin,Cattle,220.0
Benin,Sheep,20.0
Benin,Goat,20.0
Benin,Pigs,40.0
Benin,Chickens,1.1
Botswana,Cattle,350.0
Botswana,Sheep,24.0
Botswana,Goats,22.0
Botswana,Pigs,67.0
Botswana,Chickens,1.1
Botswana,Rabbits,2.5
Burkina Faso,Cattle,220.0
Burkina Faso,Sheep,18.0
Burkina Faso,Goat,16.0
Burkina Faso,Pigs,34.0
Burkina Faso,Chickens,1.1
Burkina Faso,Horses,305.0
Burkina Faso,Camels,383.0
Burundi,Cattle,250.0
Burundi,Sheep,25.0
Burundi,Goat,20.0
Burundi,Pigs,53.0
Burundi,Chickens,1.2
Burundi,Rabbits,1.8
Cameroon,Cattle,300.0
Cameroon,Sheep,24.0
Cameroon,Goat,20.0
Cameroon,Pigs,45.0
Cameroon,Chickens,1.1
Cameroon,Horses,260.0
Cameroon,Rabbits,2.0
Central African Republic,Cattle,280.0
Central African Republic,Sheep,30.0
Central African Republic,Goat,34.0
Central African Republic,Pigs,60.0
Central African Republic,Chickens,2.0
Chad,Cattle,283.0
Chad,Sheep,40.0
Chad,Goat,26.0
Chad,Pigs,35.0
Chad,Chickens,1.0
Chad,Horses,210.0
Chad,Camels,360.0
Comoros,Cattle,220.0
Comoros,Sheep,30.0
Comoros,Goat,21.0
Comoros,Chickens,1.1
Congo,Cattle,312.0
Congo,Sheep,22.0
Congo,Goat,20.0
Congo,Pigs,80.0
Congo,Chickens,1.2
Cte d'Ivoire,Cattle,274.0
Cte d'Ivoire,Sheep,20.0
Cte d'Ivoire,Goat,20.0
Cte d'Ivoire,Pigs,62.0
Cte d'Ivoire,Chickens,1.3
Djibouti,Cattle,240.0
Djibouti,Sheep,21.0
Djibouti,Goat,27.0
Djibouti,Camels,340.0
Egypt,Cattle,247.0
Egypt,Buffaloes,285.0
Egypt,Sheep,54.0
Egypt,Goats,38.0
Egypt,Pigs,55.0
Egypt,Chickens,1.34
Egypt,Turkeys,6.7
Egypt,Camels,584.0
Egypt,Rabbits,1.8
Guinea,Cattle,220.0
Guinea,Sheep,22.0
Guinea,Goats,22.0
Guinea,Pigs,60.0
Guinea,Chickens,1.1
Eritrea,Cattle,213.0
Eritrea,Sheep,21.0
Eritrea,Goats,18.0
Eritrea,Chickens,1.224
Eritrea,Camels,300.0
Ethiopia,Cattle,250.0
Ethiopia,Sheep,20.0
Ethiopia,Goats,18.0
Ethiopia,Pigs,65.0
Ethiopia,Chickens,1.256
Ethiopia,Camels,300.0
Gabon,Cattle,265.0
Gabon,Sheep,26.0
Gabon,Goat,24.0
Gabon,Pigs,40.0
Gabon,Chickens,1.1
Gabon,Rabbits,1.65
Gambia,Cattle,240.0
Gambia,Sheep,22.0
Gambia,Goats,22.0
Gambia,Pigs,50.0
Gambia,Chickens,1.38
Ghana,Cattle,230.0
Ghana,Sheep,22.0
Ghana,Goats,20.0
Ghana,Pigs,35.0
Ghana,Chickens,1.24
Guinea,Cattle,250.0
Guinea,Sheep,25.0
Guinea,Goat,25.0
Guinea,Pigs,80.0
Guinea,Chickens,1.2
Guinea-Bissau,Cattle,180.0
Guinea-Bissau,Sheep,19.0
Guinea-Bissau,Goat,17.0
Guinea-Bissau,Pigs,45.0
Guinea-Bissau,Chickens,1.0
Kenya,Cattle,259.0
Kenya,Sheep,25.0
Kenya,Goats,23.0
Kenya,Pigs,80.0
Kenya,Chickens,1.56
Kenya,Camels,650.0
Kenya,Rabbits,1.8
Lesotho,Cattle,250.0
Lesotho,Sheep,45.0
Lesotho,Goats,17.0
Lesotho,Pigs,45.0
Lesotho,Chickens,2.0
Liberia,Cattle,250.0
Liberia,Sheep,20.0
Liberia,Goats,18.0
Liberia,Pigs,50.0
Liberia,Chickens,1.1
Libya,Cattle,400.0
Libya,Sheep,27.0
Libya,Goats,23.0
Libya,Chickens,1.6
Libya,Camels,400.0
Madagascar,Cattle,255.0
Madagascar,Sheep,25.0
Madagascar,Goat,32.0
Madagascar,Pigs,90.0
Madagascar,Chickens,1.7
Madagascar,Turkeys,3.6
Madagascar,Horses,350.0
Madagascar,Rabbits,1.8
Malawi,Cattle,400.0
Malawi,Sheep,25.0
Malawi,Goats,22.0
Malawi,Pigs,72.0
Malawi,Chickens,1.1
Mali,Cattle,260.0
Mali,Sheep,26.0
Mali,Goat,29.0
Mali,Pigs,58.0
Mali,Chickens,1.1
Mali,Horses,200.0
Mali,Camels,300.0
Mauritania,Cattle,272.0
Mauritania,Sheep,30.0
Mauritania,Goat,30.0
Mauritania,Chickens,1.1
Mauritania,Horses,320.0
Mauritania,Camels,424.0
Mauritius,Cattle,400.0
Mauritius,Sheep,16.0
Mauritius,Goats,15.0
Mauritius,Pigs,85.0
Mauritius,Chickens,1.9
Mauritius,Turkeys,4.1
Mauritius,Rabbits,2.5
Morocco,Cattle,300.0
Morocco,Sheep,30.0
Morocco,Goat,32.0
Morocco,Pigs,65.0
Morocco,Chickens,1.8
Morocco,Horses,255.0
Morocco,Camels,324.0
Mozambique,Cattle,290.0
Mozambique,Sheep,24.0
Mozambique,Goats,24.0
Mozambique,Pigs,80.0
Mozambique,Chickens,1.2
Namibia,Cattle,400.0
Namibia,Sheep,29.0
Namibia,Goats,28.0
Namibia,Pigs,75.0
Namibia,Chickens,1.1
Niger,Cattle,275.0
Niger,Sheep,29.0
Niger,Goat,24.0
Niger,Pigs,60.0
Niger,Chickens,1.1
Niger,Horses,280.0
Niger,Camels,305.0
Nigeria,Cattle,337.0
Nigeria,Sheep,22.0
Nigeria,Goats,25.0
Nigeria,Pigs,55.0
Nigeria,Chickens,1.25
Rwanda,Cattle,230.0
Rwanda,Sheep,23.0
Rwanda,Goat,22.0
Rwanda,Pigs,60.0
Rwanda,Chickens,1.1
Rwanda,Rabbits,1.8
Sao Tome and Principe,Cattle,280.0
Sao Tome and Principe,Sheep,20.0
Sao Tome and Principe,Goat,22.0
Sao Tome and Principe,Pigs,68.0
Sao Tome and Principe,Chickens,1.0
Sao Tome and Principe,Turkeys,3.6
Senegal,Cattle,250.0
Senegal,Sheep,28.0
Senegal,Goat,20.0
Senegal,Pigs,35.0
Senegal,Chickens,1.3
Senegal,Horses,250.0
Senegal,Camels,300.0
Seychelles,Cattle,360.0
Seychelles,Goats,22.0
Seychelles,Pigs,65.0
Seychelles,Chickens,1.2
Sierra Leone,Cattle,180.0
Sierra Leone,Sheep,25.0
Sierra Leone,Goats,20.0
Sierra Leone,Pigs,70.0
Sierra Leone,Chickens,1.2
Somalia,Cattle,230.0
Somalia,Sheep,26.0
Somalia,Goats,26.0
Somalia,Pigs,70.0
Somalia,Chickens,1.1
Somalia,Camels,360.0
South Africa,Cattle,391.0
South Africa,Sheep,35.0
South Africa,Goats,31.0
South Africa,Pigs,85.0
South Africa,Chickens,1.7
South Africa,Turkeys,9.0
South Africa,Horses,420.0
Sudan (former),Cattle,217.0
Sudan (former),Sheep,32.0
Sudan (former),Goats,26.0
Sudan (former),Chickens,1.2
Sudan (former),Camels,490.0
Eswatini,Cattle,432.0
Eswatini,Sheep,37.0
Eswatini,Goats,37.0
Eswatini,Pigs,68.0
Eswatini,Chickens,1.5
United Republic of Tanzania,Cattle,206.0
United Republic of Tanzania,Sheep,24.0
United Republic of Tanzania,Goats,24.0
United Republic of Tanzania,Pigs,51.0
United Republic of Tanzania,Chickens,1.27
Togo,Cattle,250.0
Togo,Sheep,22.0
Togo,Goat,20.0
Togo,Pigs,40.0
Togo,Chickens,1.1
Tunisia,Cattle,350.0
Tunisia,Sheep,22.0
Tunisia,Goat,16.0
Tunisia,Pigs,70.0
Tunisia,Chickens,1.584
Tunisia,Turkeys,6.7
Tunisia,Horses,115.0
Tunisia,Camels,216.0
Uganda,Cattle,310.0
Uganda,Sheep,28.0
Uganda,Goats,24.0
Uganda,Pigs,75.0
Uganda,Chickens,1.6
Democratic Republic of the Congo,Cattle,303.0
Democratic Republic of the Congo,Sheep,22.0
Democratic Republic of the Congo,Goat,20.0
Democratic Republic of the Congo,Pigs,71.0
Democratic Republic of the Congo,Chickens,1.0
Zambia,Cattle,309.0
Zambia,Sheep,29.0
Zambia,Goats,23.0
Zambia,Pigs,60.0
Zambia,Chickens,1.2
Zimbabwe,Cattle,359.0
Zimbabwe,Sheep,28.0
Zimbabwe,Goats,24.0
Zimbabwe,Pigs,74.0
Zimbabwe,Chickens,1.5
Zimbabwe,Turkeys,4.5
Antigua and Barbuda,Cattle,377.0
Antigua and Barbuda,Sheep,26.0
Antigua and Barbuda,Goats,22.0
Antigua and Barbuda,Pigs,74.0
Antigua and Barbuda,Chickens,1.5
Bahamas,Cattle,350.0
Bahamas,Sheep,30.0
Bahamas,Goats,26.0
Bahamas,Pigs,75.0
Bahamas,Chickens,1.6
Barbados,Cattle,389.0
Barbados,Sheep,30.0
Barbados,Goats,30.0
Barbados,Pigs,136.0
Barbados,Chickens,1.5
Belize,Cattle,339.0
Belize,Sheep,28.0
Belize,Goats,24.0
Belize,Pigs,54.0
Belize,Chickens,1.798
Belize,Turkeys,2.4
Canada,Cattle,592.0
Canada,Sheep,42.0
Canada,Pigs,96.0
Canada,Chickens,1.82
Canada,Ducks,2.678
Canada,Geese,6.57
Canada,Turkeys,7.556
Canada,Horses,500.0
Costa Rica,Cattle,417.0
Costa Rica,Sheep,33.0
Costa Rica,Goats,26.0
Costa Rica,Pigs,96.0
Costa Rica,Chickens,1.871
Cuba,Cattle,286.0
Cuba,Sheep,24.0
Cuba,Goats,24.0
Cuba,Pigs,91.0
Cuba,Chickens,1.54
Cuba,Horses,270.0
Dominica,Cattle,360.0
Dominica,Sheep,30.0
Dominica,Goats,26.0
Dominica,Pigs,90.0
Dominica,Chickens,1.586
Dominican Republic,Cattle,518.0
Dominican Republic,Sheep,20.0
Dominican Republic,Goats,24.0
Dominican Republic,Pigs,100.0
Dominican Republic,Chickens,1.721
El Salvador,Cattle,318.0
El Salvador,Sheep,30.0
El Salvador,Goats,30.0
El Salvador,Pigs,90.0
El Salvador,Chickens,1.591
Grenada,Cattle,303.0
Grenada,Sheep,33.0
Grenada,Goats,22.0
Grenada,Pigs,79.0
Grenada,Chickens,1.729
Guadeloupe,Cattle,418.0
Guadeloupe,Sheep,24.0
Guadeloupe,Goat,26.0
Guadeloupe,Pigs,83.0
Guadeloupe,Chickens,1.5
Guadeloupe,Turkeys,5.049
Guadeloupe,Horses,250.0
Guadeloupe,Rabbits,1.8
Guatemala,Cattle,362.0
Guatemala,Sheep,30.0
Guatemala,Goats,30.0
Guatemala,Pigs,81.0
Guatemala,Chickens,2.048
Guatemala,Horses,250.0
Haiti,Cattle,280.0
Haiti,Sheep,30.0
Haiti,Goat,30.0
Haiti,Pigs,90.0
Haiti,Chickens,1.2
Haiti,Turkeys,2.0
Haiti,Horses,400.0
Honduras,Cattle,290.0
Honduras,Sheep,30.0
Honduras,Goats,30.0
Honduras,Pigs,45.0
Honduras,Chickens,1.3
Honduras,Horses,250.0
Jamaica,Cattle,436.0
Jamaica,Sheep,37.0
Jamaica,Goats,26.0
Jamaica,Pigs,97.0
Jamaica,Chickens,1.83
Jamaica,Horses,300.0
Martinique,Cattle,410.0
Martinique,Sheep,34.0
Martinique,Goat,21.0
Martinique,Pigs,81.0
Martinique,Chickens,1.33
Martinique,Rabbits,3.0
Mexico,Cattle,384.0
Mexico,Sheep,32.0
Mexico,Goats,25.0
Mexico,Pigs,82.0
Mexico,Chickens,1.903
Mexico,Turkeys,4.0
Mexico,Horses,250.0
Mexico,Rabbits,1.7
Nicaragua,Cattle,291.0
Nicaragua,Sheep,26.0
Nicaragua,Goats,30.0
Nicaragua,Pigs,66.0
Nicaragua,Chickens,2.035
Nicaragua,Horses,200.0
Panama,Cattle,360.0
Panama,Pigs,78.0
Panama,Chickens,1.625
Puerto Rico,Cattle,439.0
Puerto Rico,Sheep,25.0
Puerto Rico,Goats,28.0
Puerto Rico,Pigs,87.0
Puerto Rico,Chickens,1.6
Saint Kitts and Nevis,Cattle,360.0
Saint Kitts and Nevis,Sheep,35.0
Saint Kitts and Nevis,Goats,30.0
Saint Kitts and Nevis,Pigs,90.0
Saint Kitts and Nevis,Chickens,1.5
Saint Lucia,Cattle,365.0
Saint Lucia,Sheep,42.0
Saint Lucia,Goats,30.0
Saint Lucia,Pigs,85.0
Saint Lucia,Chickens,1.5
Saint Vincent and the Grenadines,Cattle,365.0
Saint Vincent and the Grenadines,Sheep,30.0
Saint Vincent and the Grenadines,Goats,28.0
Saint Vincent and the Grenadines,Pigs,95.0
Saint Vincent and the Grenadines,Chickens,1.696
Trinidad and Tobago,Cattle,344.0
Trinidad and Tobago,Sheep,38.0
Trinidad and Tobago,Goats,30.0
Trinidad and Tobago,Pigs,76.0
Trinidad and Tobago,Chickens,1.965
United States of America,Cattle,539.0
United States of America,Sheep,59.0
United States of America,Pigs,117.0
United States of America,Chickens,2.072
United States of America,Turkeys,10.296
United States of America,Horses,500.0
Argentina,Cattle,393.0
Argentina,Sheep,34.0
Argentina,Goats,13.0
Argentina,Pigs,112.0
Argentina,Chickens,2.472
Argentina,Turkeys,6.0
Argentina,Horses,434.0
Argentina,Rabbits,1.8
Brazil,Cattle,382.0
Brazil,Sheep,30.0
Brazil,Goats,22.0
Brazil,Pigs,120.0
Brazil,Chickens,1.75
Brazil,Turkeys,6.98
Brazil,Horses,180.0
Brazil,Rabbits,2.2
Chile,Cattle,495.0
Chile,Sheep,28.0
Chile,Goats,36.0
Chile,Pigs,95.0
Chile,Chickens,1.4
Chile,Horses,431.0
Colombia,Cattle,389.0
Colombia,Sheep,27.0
Colombia,Goats,31.0
Colombia,Pigs,91.0
Colombia,Chickens,1.926
Colombia,Horses,360.0
Colombia,Rabbits,1.8
Ecuador,Cattle,460.0
Ecuador,Sheep,50.0
Ecuador,Goats,40.0
Ecuador,Pigs,90.0
Ecuador,Chickens,2.0
Ecuador,Turkeys,10.0
Ecuador,Rabbits,2.0
Guyana,Cattle,318.0
Guyana,Sheep,20.0
Guyana,Goats,21.0
Guyana,Pigs,78.0
Guyana,Chickens,1.4
Paraguay,Cattle,345.0
Paraguay,Sheep,31.0
Paraguay,Goats,22.0
Paraguay,Pigs,90.0
Paraguay,Chickens,1.3
Paraguay,Turkeys,3.5
Paraguay,Horses,360.0
Peru,Cattle,280.0
Peru,Sheep,22.0
Peru,Goats,21.0
Peru,Pigs,74.0
Peru,Chickens,1.8
Peru,Rabbits,1.5
Suriname,Cattle,274.0
Suriname,Sheep,25.0
Suriname,Goats,22.0
Suriname,Pigs,90.0
Suriname,Chickens,1.722
Uruguay,Cattle,441.0
Uruguay,Sheep,33.0
Uruguay,Pigs,108.0
Uruguay,Chickens,1.3
Uruguay,Turkeys,3.5
Uruguay,Horses,420.0
Uruguay,Rabbits,1.9
Venezuela (Bolivarian Republic of),Cattle,416.0
Venezuela (Bolivarian Republic of),Sheep,30.0
Venezuela (Bolivarian Republic of),Goats,20.0
Venezuela (Bolivarian Republic of),Pigs,75.0
Venezuela (Bolivarian Republic of),Chickens,2.066
Armenia,Cattle,265.0
Armenia,Sheep,33.0
Armenia,Goats,30.0
Armenia,Pigs,91.0
Armenia,Chickens,1.631
Armenia,Rabbits,2.149
Afghanistan,Cattle,230.0
Afghanistan,Sheep,32.0
Afghanistan,Goats,33.0
Afghanistan,Chickens,1.08
Afghanistan,Camels,360.0
Azerbaijan,Cattle,192.0
Azerbaijan,Sheep,38.0
Azerbaijan,Pigs,97.0
Azerbaijan,Chickens,1.896
Bahrain,Cattle,240.0
Bahrain,Sheep,36.0
Bahrain,Goats,30.0
Bahrain,Chickens,1.5
Bahrain,Camels,320.0
Bangladesh,Cattle,130.0
Bangladesh,Buffaloes,155.0
Bangladesh,Sheep,15.0
Bangladesh,Goats,14.0
Bangladesh,Chickens,1.0
Bhutan,Cattle,170.0
Bhutan,Buffaloes,170.0
Bhutan,Sheep,22.0
Bhutan,Goats,20.0
Bhutan,Pigs,59.0
Bhutan,Chickens,1.0
Brunei Darussalam,Cattle,250.0
Brunei Darussalam,Buffaloes,350.0
Myanmar,Cattle,230.0
Myanmar,Buffaloes,300.0
Myanmar,Sheep,20.0
Myanmar,Goats,20.0
Myanmar,Pigs,90.0
Myanmar,Chickens,1.42
Myanmar,Ducks,1.7
Myanmar,Geese,3.27
Myanmar,Turkeys,3.27
China,Cattle,322.0
China,Buffaloes,221.0
China,Sheep,23.0
China,Goats,25.0
China,Pigs,99.0
China,Chickens,1.759
China,Horses,250.0
China,Camels,450.0
China,Rabbits,1.836
Cyprus,Cattle,584.0
Cyprus,Sheep,43.0
Cyprus,Goats,42.0
Cyprus,Pigs,103.0
Cyprus,Chickens,2.307
Cyprus,Turkeys,6.9
Cyprus,Rabbits,1.734
Georgia,Cattle,280.0
Georgia,Sheep,30.0
Georgia,Pigs,100.0
Georgia,Chickens,0.9
Georgia,Rabbits,2.166
"China, Hong Kong SAR",Cattle,468.0
"China, Hong Kong SAR",Sheep,38.0
"China, Hong Kong SAR",Goats,24.0
"China, Hong Kong SAR",Pigs,84.0
"China, Hong Kong SAR",Chickens,1.788
India,Cattle,205.0
India,Buffaloes,310.0
India,Sheep,22.0
India,Goats,18.0
India,Pigs,50.0
India,Chickens,1.2
Indonesia,Cattle,400.0
Indonesia,Buffaloes,356.0
Indonesia,Sheep,21.0
Indonesia,Goats,21.0
Indonesia,Pigs,68.0
Indonesia,Chickens,1.1
Indonesia,Horses,250.0
Iran (Islamic Republic of),Cattle,280.0
Iran (Islamic Republic of),Buffaloes,350.0
Iran (Islamic Republic of),Sheep,36.0
Iran (Islamic Republic of),Goats,27.0
Iran (Islamic Republic of),Chickens,1.8
Iran (Islamic Republic of),Ducks,2.5
Iran (Islamic Republic of),Geese,3.2
Iran (Islamic Republic of),Turkeys,4.0
Iran (Islamic Republic of),Camels,400.0
Iraq,Cattle,244.0
Iraq,Buffaloes,330.0
Iraq,Sheep,34.0
Iraq,Goats,25.0
Iraq,Chickens,1.3
Iraq,Camels,500.0
Israel,Cattle,661.0
Israel,Sheep,38.0
Israel,Goats,33.0
Israel,Pigs,100.0
Israel,Chickens,1.364
Israel,Turkeys,8.016
Israel,Camels,320.0
Japan,Cattle,717.0
Japan,Sheep,52.0
Japan,Goats,62.0
Japan,Pigs,108.0
Japan,Chickens,2.591
Japan,Turkeys,4.0
Japan,Horses,780.0
Jordan,Cattle,310.0
Jordan,Sheep,29.0
Jordan,Goats,24.0
Jordan,Chickens,1.5
Jordan,Turkeys,5.0
Jordan,Camels,175.0
Jordan,Rabbits,2.0
Kazakhstan,Cattle,296.0
Kazakhstan,Sheep,35.0
Kazakhstan,Goats,36.0
Kazakhstan,Pigs,80.0
Kazakhstan,Chickens,1.481
Kazakhstan,Horses,315.0
Kazakhstan,Rabbits,2.113
Kyrgyzstan,Cattle,374.0
Kyrgyzstan,Sheep,37.0
Kyrgyzstan,Goats,35.0
Kyrgyzstan,Pigs,117.0
Kyrgyzstan,Chickens,1.261
Kyrgyzstan,Horses,371.0
Kyrgyzstan,Rabbits,1.877
Cambodia,Cattle,218.0
Cambodia,Buffaloes,320.0
Cambodia,Pigs,72.0
Cambodia,Chickens,1.3
Democratic People's Republic of Korea,Cattle,290.0
Democratic People's Republic of Korea,Sheep,33.0
Democratic People's Republic of Korea,Goats,33.0
Democratic People's Republic of Korea,Pigs,66.0
Democratic People's Republic of Korea,Chickens,1.3
Republic of Korea,Cattle,500.0
Republic of Korea,Sheep,30.0
Republic of Korea,Goats,30.0
Republic of Korea,Pigs,90.0
Republic of Korea,Chickens,1.8
Republic of Korea,Rabbits,2.8
Kuwait,Cattle,357.0
Kuwait,Sheep,49.0
Kuwait,Goats,40.0
Kuwait,Chickens,1.5
Kuwait,Camels,700.0
Lao People's Democratic Republic,Cattle,130.0
Lao People's Democratic Republic,Buffaloes,200.0
Lao People's Democratic Republic,Goat,20.0
Lao People's Democratic Republic,Pigs,30.0
Lao People's Democratic Republic,Chickens,1.2
Lao People's Democratic Republic,Ducks,2.0
Lebanon,Cattle,383.0
Lebanon,Sheep,50.0
Lebanon,Goat,46.0
Lebanon,Pigs,100.0
Lebanon,Chickens,1.38
Malaysia,Cattle,300.0
Malaysia,Buffaloes,350.0
Malaysia,Sheep,25.0
Malaysia,Goats,20.0
Malaysia,Pigs,90.0
Malaysia,Chickens,2.0
Malaysia,Ducks,3.1
Malaysia,Horses,250.0
Mongolia,Cattle,266.0
Mongolia,Sheep,46.0
Mongolia,Goats,32.0
Mongolia,Pigs,77.0
Mongolia,Chickens,1.493
Nepal,Cattle,170.0
Nepal,Buffaloes,368.0
Nepal,Sheep,28.0
Nepal,Goats,24.0
Nepal,Pigs,27.0
Nepal,Chickens,1.3
Oman,Cattle,260.0
Oman,Sheep,50.0
Oman,Goats,40.0
Oman,Chickens,1.2
Oman,Camels,430.0
Pakistan,Cattle,363.0
Pakistan,Buffaloes,264.0
Pakistan,Sheep,38.0
Pakistan,Goats,36.0
Pakistan,Chickens,1.42
Philippines,Cattle,400.0
Philippines,Buffaloes,370.0
Philippines,Sheep,26.0
Philippines,Goats,30.0
Philippines,Pigs,80.0
Philippines,Chickens,1.452
Philippines,Turkeys,2.0
Philippines,Horses,207.0
Qatar,Cattle,240.0
Qatar,Sheep,28.0
Qatar,Goats,25.0
Qatar,Chickens,1.3
Saudi Arabia,Cattle,383.0
Saudi Arabia,Sheep,35.0
Saudi Arabia,Goats,28.0
Saudi Arabia,Chickens,1.3
Saudi Arabia,Camels,447.0
Singapore,Cattle,0.0
Singapore,Sheep,67.0
Singapore,Pigs,120.0
Singapore,Chickens,2.0
Sri Lanka,Cattle,271.0
Sri Lanka,Buffaloes,226.0
Sri Lanka,Sheep,35.0
Sri Lanka,Goats,35.0
Sri Lanka,Pigs,103.0
Sri Lanka,Chickens,1.56
Syrian Arab Republic,Cattle,220.0
Syrian Arab Republic,Buffaloes,220.0
Syrian Arab Republic,Sheep,36.0
Syrian Arab Republic,Goats,30.0
Syrian Arab Republic,Chickens,1.405
Syrian Arab Republic,Turkeys,9.5
Syrian Arab Republic,Camels,380.0
Syrian Arab Republic,Rabbits,3.0
Tajikistan,Cattle,287.0
Tajikistan,Sheep,34.0
Tajikistan,Pigs,56.0
Tajikistan,Chickens,1.094
Turkmenistan,Cattle,314.0
Turkmenistan,Sheep,33.0
Turkmenistan,Goats,34.0
Turkmenistan,Pigs,79.0
Turkmenistan,Chickens,1.63
Thailand,Cattle,364.0
Thailand,Buffaloes,506.0
Thailand,Sheep,33.0
Thailand,Goats,33.0
Thailand,Pigs,72.0
Thailand,Chickens,1.626
Turkey,Cattle,302.0
Turkey,Buffaloes,298.0
Turkey,Sheep,34.0
Turkey,Goats,35.0
Turkey,Pigs,82.0
Turkey,Chickens,1.5
Turkey,Turkeys,2.5
Turkey,Horses,320.0
Turkey,Camels,525.0
Turkey,Rabbits,1.3
United Arab Emirates,Cattle,480.0
United Arab Emirates,Sheep,36.0
United Arab Emirates,Goats,32.0
United Arab Emirates,Chickens,1.5
United Arab Emirates,Camels,380.0
Uzbekistan,Cattle,319.0
Uzbekistan,Sheep,39.0
Uzbekistan,Pigs,81.0
Uzbekistan,Chickens,1.643
Viet Nam,Cattle,276.0
Viet Nam,Buffaloes,430.0
Viet Nam,Goat,33.0
Viet Nam,Pigs,92.0
Viet Nam,Chickens,0.961
Viet Nam,Horses,230.0
Yemen,Cattle,171.0
Yemen,Sheep,20.0
Yemen,Goats,20.0
Yemen,Chickens,1.189
Yemen,Camels,320.0
Albania,Cattle,196.0
Albania,Sheep,17.0
Albania,Goat,24.0
Albania,Pigs,57.0
Albania,Chickens,0.809
Austria,Cattle,545.0
Austria,Sheep,45.0
Austria,Goats,19.0
Austria,Pigs,127.0
Austria,Chickens,1.642
Austria,Turkeys,11.364
Austria,Horses,459.0
Austria,Rabbits,2.4
Belgium-Luxembourg,Cattle,603.0
Belgium-Luxembourg,Sheep,42.0
Belgium-Luxembourg,Pigs,114.0
Belgium-Luxembourg,Chickens,1.955
Belgium-Luxembourg,Turkeys,6.956
Belgium-Luxembourg,Horses,572.0
Bulgaria,Cattle,371.0
Bulgaria,Buffaloes,422.0
Bulgaria,Sheep,38.0
Bulgaria,Goat,28.0
Bulgaria,Pigs,111.0
Bulgaria,Chickens,1.942
Bulgaria,Rabbits,3.096
Czechia,Cattle,522.0
Czechia,Sheep,58.0
Czechia,Goats,70.0
Czechia,Pigs,112.0
Czechia,Chickens,1.8
Czechia,Turkeys,14.0
Czechia,Horses,600.0
Czechia,Rabbits,3.0
Slovakia,Cattle,420.0
Slovakia,Sheep,17.0
Slovakia,Goats,11.0
Slovakia,Pigs,110.0
Slovakia,Chickens,1.79
Slovakia,Ducks,2.6
Slovakia,Geese,5.2
Slovakia,Turkeys,6.5
Slovakia,Horses,266.0
Slovakia,Rabbits,2.8
Denmark,Cattle,500.0
Denmark,Sheep,42.0
Denmark,Pigs,106.0
Denmark,Chickens,1.718
Denmark,Turkeys,11.457
Denmark,Horses,635.0
Finland,Cattle,466.0
Finland,Sheep,44.0
Finland,Pigs,104.0
Finland,Chickens,1.575
Finland,Horses,524.0
France,Cattle,521.0
France,Sheep,35.0
France,Goat,13.0
France,Pigs,114.0
France,Chickens,1.756
France,Turkeys,7.568
France,Horses,530.0
France,Rabbits,2.0
Germany,Cattle,555.0
Germany,Sheep,40.0
Germany,Goats,37.0
Germany,Pigs,117.0
Germany,Chickens,1.75
Germany,Turkeys,13.75
Germany,Horses,528.0
Germany,Rabbits,2.4
Greece,Cattle,424.0
Greece,Sheep,22.0
Greece,Goat,20.0
Greece,Pigs,79.0
Greece,Chickens,1.5
Greece,Turkeys,5.5
Greece,Horses,360.0
Greece,Rabbits,2.015
Hungary,Cattle,423.0
Hungary,Sheep,25.0
Hungary,Pigs,117.0
Hungary,Chickens,1.891
Hungary,Turkeys,8.016
Hungary,Rabbits,2.578
Iceland,Cattle,226.0
Iceland,Sheep,32.0
Iceland,Pigs,80.0
Iceland,Chickens,1.641
Iceland,Horses,193.0
Ireland,Cattle,612.0
Ireland,Sheep,42.0
Ireland,Pigs,92.0
Ireland,Chickens,1.54
Ireland,Turkeys,7.9
Ireland,Horses,509.0
Italy,Cattle,441.0
Italy,Buffaloes,359.0
Italy,Sheep,16.0
Italy,Goat,14.0
Italy,Pigs,141.0
Italy,Chickens,2.118
Italy,Turkeys,11.2
Italy,Horses,412.0
Italy,Rabbits,2.0
Malta,Cattle,438.0
Malta,Sheep,32.0
Malta,Goats,26.0
Malta,Pigs,95.0
Malta,Chickens,1.664
Malta,Turkeys,5.586
Malta,Horses,168.0
Malta,Rabbits,2.1
Netherlands,Cattle,447.0
Netherlands,Sheep,50.0
Netherlands,Goats,26.0
Netherlands,Pigs,113.0
Netherlands,Chickens,1.6
Netherlands,Turkeys,7.1
Netherlands,Horses,569.0
Norway,Cattle,469.0
Norway,Sheep,44.0
Norway,Goats,26.0
Norway,Pigs,102.0
Norway,Chickens,1.386
Norway,Horses,489.0
Poland,Cattle,256.0
Poland,Sheep,36.0
Poland,Pigs,112.0
Poland,Chickens,1.7
Poland,Turkeys,6.67
Poland,Horses,507.0
Poland,Rabbits,2.1
Portugal,Cattle,442.0
Portugal,Sheep,20.0
Portugal,Goats,15.0
Portugal,Pigs,95.0
Portugal,Chickens,1.473
Portugal,Turkeys,5.3
Portugal,Horses,329.0
Romania,Cattle,248.0
Romania,Sheep,20.0
Romania,Goat,22.0
Romania,Pigs,105.0
Romania,Chickens,2.0
Romania,Horses,350.0
Romania,Rabbits,3.0
Spain,Cattle,475.0
Spain,Sheep,22.0
Spain,Goats,19.0
Spain,Pigs,97.0
Spain,Chickens,2.029
Spain,Turkeys,4.8
Spain,Horses,371.0
Spain,Rabbits,1.842
Sweden,Cattle,510.0
Sweden,Sheep,40.0
Sweden,Pigs,107.0
Sweden,Chickens,1.65
Sweden,Turkeys,3.971
Sweden,Horses,518.0
Switzerland,Cattle,365.0
Switzerland,Sheep,43.0
Switzerland,Goat,33.0
Switzerland,Pigs,107.0
Switzerland,Chickens,1.765
Switzerland,Horses,535.0
Switzerland,Rabbits,3.3
United Kingdom of Great Britain and Northern Ireland,Cattle,544.0
United Kingdom of Great Britain and Northern Ireland,Sheep,37.0
United Kingdom of Great Britain and Northern Ireland,Pigs,93.0
United Kingdom of Great Britain and Northern Ireland,Chickens,2.2
United Kingdom of Great Britain and Northern Ireland,Turkeys,9.2
United Kingdom of Great Britain and Northern Ireland,Horses,308.0
Bosnia and Herzegovina,Cattle,279.0
Bosnia and Herzegovina,Sheep,23.0
Bosnia and Herzegovina,Pigs,81.0
Bosnia and Herzegovina,Chickens,1.189
Bosnia and Herzegovina,Turkeys,9.846
Croatia,Cattle,412.0
Croatia,Sheep,21.0
Croatia,Goats,36.0
Croatia,Pigs,93.0
Croatia,Chickens,1.169
Croatia,Turkeys,10.589
Croatia,Horses,370.0
North Macedonia,Cattle,170.0
North Macedonia,Sheep,39.0
North Macedonia,Pigs,119.0
North Macedonia,Chickens,1.316
Slovenia,Cattle,482.0
Slovenia,Sheep,28.0
Slovenia,Pigs,106.0
Slovenia,Chickens,1.448
Slovenia,Turkeys,10.014
Slovenia,Horses,407.0
Belarus,Cattle,302.0
Belarus,Sheep,45.0
Belarus,Pigs,91.0
Belarus,Chickens,1.692
Estonia,Cattle,258.0
Estonia,Sheep,46.0
Estonia,Pigs,86.0
Estonia,Chickens,1.321
Estonia,Rabbits,2.084
Latvia,Cattle,281.0
Latvia,Sheep,46.0
Latvia,Pigs,100.0
Latvia,Chickens,1.824
Latvia,Horses,448.0
Lithuania,Cattle,272.0
Lithuania,Sheep,51.0
Lithuania,Pigs,111.0
Lithuania,Chickens,1.709
Lithuania,Horses,370.0
Lithuania,Rabbits,2.004
Republic of Moldova,Cattle,315.0
Republic of Moldova,Sheep,29.0
Republic of Moldova,Pigs,95.0
Republic of Moldova,Chickens,1.705
Republic of Moldova,Turkeys,7.666
Republic of Moldova,Horses,370.0
Republic of Moldova,Rabbits,2.0
Russian Federation,Cattle,277.0
Russian Federation,Sheep,34.0
Russian Federation,Goats,30.0
Russian Federation,Pigs,98.0
Russian Federation,Chickens,1.645
Russian Federation,Rabbits,2.066
Ukraine,Cattle,268.0
Ukraine,Sheep,30.0
Ukraine,Goats,30.0
Ukraine,Pigs,112.0
Ukraine,Chickens,1.5
Ukraine,Horses,339.0
Ukraine,Rabbits,3.8
Samoa,Cattle,300.0
Samoa,Pigs,75.0
Samoa,Chickens,1.1
Australia,Cattle,431.0
Australia,Sheep,38.0
Australia,Goats,48.0
Australia,Pigs,95.0
Australia,Chickens,1.75
Australia,Turkeys,5.5
Australia,Horses,560.0
Solomon Islands,Cattle,370.0
Cook Islands,Cattle,300.0
Cook Islands,Goats,33.0
Cook Islands,Pigs,45.0
Cook Islands,Chickens,1.1
Fiji,Cattle,380.0
Fiji,Sheep,30.0
Fiji,Goats,25.0
Fiji,Pigs,70.0
Fiji,Chickens,1.812
Fiji,Turkeys,1.9
French Polynesia,Cattle,330.0
French Polynesia,Sheep,33.0
French Polynesia,Goat,33.0
French Polynesia,Pigs,75.0
French Polynesia,Chickens,1.2
Kiribati,Pigs,55.0
Kiribati,Chickens,1.1
Nauru,Pigs,45.0
Nauru,Chickens,1.1
New Caledonia,Cattle,348.0
New Caledonia,Sheep,30.0
New Caledonia,Goat,26.0
New Caledonia,Pigs,108.0
New Caledonia,Chickens,1.2
Vanuatu,Cattle,448.0
Vanuatu,Goats,22.0
Vanuatu,Pigs,74.0
Vanuatu,Chickens,1.3
Vanuatu,Horses,300.0
New Zealand,Cattle,340.0
New Zealand,Sheep,34.0
New Zealand,Goats,23.0
New Zealand,Pigs,86.0
New Zealand,Chickens,1.82
New Zealand,Turkeys,4.729
New Zealand,Horses,520.0
Niue,Cattle,400.0
Niue,Pigs,99.0
Niue,Chickens,1.279
Papua New Guinea,Cattle,300.0
Papua New Guinea,Sheep,33.0
Papua New Guinea,Goats,33.0
Papua New Guinea,Pigs,45.0
Papua New Guinea,Chickens,1.2
Papua New Guinea,Turkeys,1.7
Papua New Guinea,Horses,320.0
Tonga,Cattle,356.0
Tonga,Goats,33.0
Tonga,Pigs,73.0
Tonga,Chickens,1.143
Tuvalu,Pigs,45.0
Tuvalu,Chickens,1.3
Samoa,Cattle,320.0
Samoa,Pigs,48.0
Samoa,Chickens,1.2
